Name,Feature,Type,Color,Match type
#130 U6-Fwd,GAGGGCCTATTTCCCATGATTCC,sequencing,#F58A5E,nucleotide
1492R,GGYTACCTTGTTACGACTT,sequencing,#F58A5E,nucleotide
27F,GAGTTTGATCMTGGCTCAG,sequencing,#FAAC61,nucleotide
30nt_M13R,AGCGGATAACAATTTCACACAGGA,sequencing,#F58A5E,nucleotide
35S-R,GGATTTTAGTACTGGATTTTGG,sequencing,#FFEF86,nucleotide
3AOX,GCAAATGGCATTCTGACATCC,sequencing,#F8D3A9,nucleotide
3AOX_2,CAAGCTCGTACGAGAAGAAAC,sequencing,#B1FF67,nucleotide
519F,CAGCAGCCGCGGTAATAC,sequencing,#75C6A9,nucleotide
5AOX,GACTGGTTCCAATTGACAAGC,sequencing,#B7E6D7,nucleotide
926R,CCGTCAATTCCTTTGAGTTT,sequencing,#85DAE9,nucleotide
Ac5-forw,GACACAAAGCCGCTCCATCAG,sequencing,#84B0DC,nucleotide
ACCMV,TACGGTGGGAGGTCTAT,IMBA_sequencing,#F58A5E,nucleotide
ACT2-R,AAGATTGAAACTTAGAGGAG,sequencing,#9EAFD2,nucleotide
ACYC Duet Up1,GGATCTCGACGCTCTCCCT,sequencing,#F58A5E,nucleotide
ADH-R,GAGTCACTTTAAAATTTGTATACAC,sequencing,#F58A5E,nucleotide
ADH_sense,GTTTCCTCGTCATTGTTCTCG,sequencing,#F58A5E,nucleotide
AKREV,CTCATCAATGTATCTTAT,IMBA_sequencing,#F58A5E,nucleotide
AS2-1-R,ACCTACAGGAAAGAGTTACTC,sequencing,#C7B0E3,nucleotide
ASK-FN2,CGGCCTTTTTACGGTTCCTG,sequencing,#FF9CCD,nucleotide
BAD-HisA-F,GGTATGGCTAGCATGACTGG,sequencing,#D6B295,nucleotide
BAD-HisA-R,GTTTTATCAGACCGCTTCTG,sequencing,#D59687,nucleotide
BAD24-F,CTCTACTGTTTCTCCATACC,sequencing,#B4ABAC,nucleotide
BeloF,TTGTAAAACGACGGCCAGTG,sequencing,#C6C9D1,nucleotide
bGH reverse,TAGAAGGCACAGTCGAGG,sequencing,#F58A5E,nucleotide
BGHREV,TAGAAGGCACAGTCGAGG,IMBA_sequencing,#F58A5E,nucleotide
BGLO1FW,AACCATGTTCATGCCT,IMBA_sequencing,#F58A5E,nucleotide
BGLO1REV,AACAATCAAGGGTCCCC,IMBA_sequencing,#F58A5E,nucleotide
BluescriptR,GGAAACAGCTATGACCATG,sequencing,#F58A5E,nucleotide
CAM-R,CACAATCCCACTATCCTTCG,sequencing,#FAAC61,nucleotide
CaMV,CCACGTCTTCAAAGCAAGTG,sequencing,#FFEF86,nucleotide
ccdB_sense,ccgggcgacggatggtgatc,sequencing,#F58A5E,nucleotide
CelegansRNAi F,GTTTTCCCAGTCACGACGTT,sequencing,#F58A5E,nucleotide
CMV-F,GCAAATGGGCGGTAGGCGT,sequencing,#F8D3A9,nucleotide
CMV5-R,AGAAGGACACCTAGTCAGAC,sequencing,#B1FF67,nucleotide
CMVF_pcDNA3,CAACGGGACTTTCCAAAATG,sequencing,#F58A5E,nucleotide
CRE1000,CGGTATTGAAACTCCAGC,IMBA_sequencing,#F58A5E,nucleotide
CRE200,CAACTTGCACCATGCCGC,IMBA_sequencing,#F58A5E,nucleotide
CRE360,GACAGCAATGCTGTTTCA,IMBA_sequencing,#F58A5E,nucleotide
CRE670,TCGTTCTGCCAATATGGAT,IMBA_sequencing,#F58A5E,nucleotide
CRE730,GGTGTAGCTGATGATCCG,IMBA_sequencing,#F58A5E,nucleotide
Cub_rev,aatcagacagcgttctaccg,sequencing,#F58A5E,nucleotide
CUPSeq-5p,CTTGTCTTGTATCAATTGC,sequencing,#F58A5E,nucleotide
CYC1-Promotor_sense,CTTCTATAGACACGCAAACAC,sequencing,#F58A5E,nucleotide
CYC1-Terminator_anti,GACATAACTAATTACATGAC,sequencing,#F58A5E,nucleotide
Donr-F,TCGCGTTAACGCTAGCATG,,#75C6A9,nucleotide
Duet Down1,GATTATGCGGCCGTGTACAA,sequencing,#F58A5E,nucleotide
EGFP-C1-F,GAAGCGCGATCACATGGTC,sequencing,#B7E6D7,nucleotide
EGFP-C1-R,AACCATTATAAGCTGCAATAAAC,sequencing,#85DAE9,nucleotide
EGFP-N1-F,GAGGTCTATATAAGCAGAGC,sequencing,#84B0DC,nucleotide
EGFP-N1-R,ACTTGTGGCCGTTTACGTC,sequencing,#9EAFD2,nucleotide
EGFP_C_F,CATGGTCCTGCTGGAGTTCGTG,sequencing,#F58A5E,nucleotide
EGFP_C_R,gttcagggggaggtgtg,sequencing,#F58A5E,nucleotide
EGFP_N_R,CTGGTCGAGCTGGACGGCGACG,sequencing,#F58A5E,nucleotide
ENTR-F,GTTAGTTAGTTACTTAAGCTCG,sequencing,#C7B0E3,nucleotide
ENTR-R,CCAGAGCTGCAGCTGGATG,sequencing,#FF9CCD,nucleotide
F1-oriR,CAGAATAGAATGACACCTAC,sequencing,#D6B295,nucleotide
Firefly_C_F,cgaaaggtcttaccggaaaactcgacg,sequencing,#F58A5E,nucleotide
ForalphaFactor,TTCGATGTTGCTGTTTTGCC,sequencing,#D59687,nucleotide
Gal10-R,CAAGGTAGACAAGCCGACAAC,sequencing,#B4ABAC,nucleotide
Gal1forw,TATACCTCTATACTTTAACGTC,sequencing,#C6C9D1,nucleotide
GAL4_AD_CF,aataccactacaatggat,sequencing,#F58A5E,nucleotide
Gal4_NR,cggaccgttgctactgttagtg,sequencing,#F58A5E,nucleotide
GAL4_term_R,tcgtgcaccatctcaatttct,sequencing,#F58A5E,nucleotide
GEX-F,CTTTGCAGGGCTGGCAAG,sequencing,#F58A5E,nucleotide
GEX-R,GAGCTGCATGTGTCAGAGG,sequencing,#FAAC61,nucleotide
GEX3,CCGGGAGCTGCATGTGTCAGAGG,IMBA_sequencing,#F58A5E,nucleotide
GEX5,CTGGCAAGCCACGTTTGGTG,IMBA_sequencing,#F58A5E,nucleotide
GEXnew,CACAAATTGATAAGTACTTG,sequencing,#FFEF86,nucleotide
GL2,CTTTATGTTTTTGGCGTCTTCC,sequencing,#F8D3A9,nucleotide
GL3,TTTGTATTCAGCCCATATCG,sequencing,#B1FF67,nucleotide
HCO-2198,TAAACTTCAGGGTGACCAAAAAATCA,sequencing,#75C6A9,nucleotide
hGFP-R,TCCCATTCATCAGTTCCATAG,sequencing,#B7E6D7,nucleotide
hPGK_F,accgaatcaccgacctctc,sequencing,#F58A5E,nucleotide
hU6-F,GAGGGCCTATTTCCCATGATT,sequencing,#85DAE9,nucleotide
IRES1,TGTGTTTAGTCGAGGTT,IMBA_sequencing,#F58A5E,nucleotide
IREShygR,GACAAACACACACCGGCCTT,sequencing,#84B0DC,nucleotide
IREShygRn,CAGACCTTGCATTCCTTTGG,sequencing,#9EAFD2,nucleotide
ITS1,TCCGTAGGTGAACCTGCGG,sequencing,#C7B0E3,nucleotide
ITS4,TCCTCCGCTTATTGATATGC,sequencing,#FF9CCD,nucleotide
KNO-oPT-036 Nluc_NR2,ATCCTTTGGATCGGAGTTACGG,sequencing,#FAAC61,nucleotide
KNO-oPT-037 Nluc_CF,GGTTACGCCGAACATGATCGAC,sequencing,#FAAC61,nucleotide
KNO-oPT-038 Nluc_CR,TGATCAGGCGCTCGTCGATAAT,sequencing,#FAAC61,nucleotide
KNO-oPT-039 mTq_NR,CGTCCCCATCAAGCTCTACG,sequencing,#FAAC61,nucleotide
KNO-oPT-040 mTq_CF,GGTCTTGCTGGAGTTCGTCACTGCC,sequencing,#FAAC61,nucleotide
KNO-oPT-046 mNG_seq_CF,AGAACTGAACTTCAAAGAGTG,sequencing,#75C6A9,nucleotide
KNO-oPT-047 mNG_seq_NR,GTAGCCGTCGTTGGGATT,sequencing,#75C6A9,nucleotide
KNO-oPT-065 WPRE-R,CATAGCGTAAAAGGAGCAACA,sequencing,#F8D3A9,nucleotide
KNO-oPT-067 htau_seq_2,GGACGTGGGTGATATTGTC,sequencing,#F58A5E,nucleotide
KNO-oPT-068 FUS_seq_1,aagttacggtagcagttctcag,sequencing,#FAAC61,nucleotide
KNO-oPT-069 FUS_seq_2,ggataattcagacaacaacacc,sequencing,#FAAC61,nucleotide
KNO-oPT-070 FUS_seq_3,gaatgcaaccagtgtaagg,sequencing,#FAAC61,nucleotide
KNO-oPT-071 TDP43_seq_1,cttaagactggtcattcaaagg,sequencing,#F58A5E,nucleotide
KNO-oPT-073 TIA1_seq_1,GCACCATTTGGAAGAATATC,sequencing,#FAAC61,nucleotide
KNO-oPT-074 TIA1_seq_2,GTGCAACAGCAGAATCAAAT,sequencing,#FAAC61,nucleotide
KNO-oPT-075 UBQLN2_seq_1,AGATACCTTGATCCAGCATG,sequencing,#FAAC61,nucleotide
KNO-oPT-076 UBQLN2_seq_2,GATGATGAGAAATCAAGACCTG,sequencing,#FAAC61,nucleotide
KNO-oPT-077 UBQLN2_seq_3,CTGTTTACTGCAAATCCTCAG,sequencing,#FAAC61,nucleotide
KNO-oPT-078 VCP_seq_1,AGAGTTGTTCGGAATAACCTTC,sequencing,#FAAC61,nucleotide
KNO-oPT-079 VCP_seq_2,GAGCTGTAGCAAATGAGACTG,sequencing,#FAAC61,nucleotide
KNO-oPT-080 VCP_seq_3,GAAGATGGATCTCATTGACCTA,sequencing,#FAAC61,nucleotide
KNO-oPT-081 VCP_seq_4,AGGTAACATTGGAGATGGTG,sequencing,#FAAC61,nucleotide
KNO-oPT-082 pC13N_seq_rev,cacctgaggagtgaattcac,sequencing,#F58A5E,nucleotide
KNO-oPT-083 U6-fwd,gagggcctatttcccatgattcc,sequencing,#FAAC61,nucleotide
KNO-oPT-084 G3BP1_Ex12_seq_1,gcgaccgacgagataatc,sequencing,#FAAC61,nucleotide
KNO-oPT-085 APEX2_seq_1,acctaaggttccattccac,sequencing,#FAAC61,nucleotide
KNO-oPT-086 mScarlet_seq_1,gcagtgatcaaggagttcat,sequencing,#F58A5E,nucleotide
KNO-oPT-087 mScarlet_seq_2,ttggtcaccttcagcttgg,sequencing,#FAAC61,nucleotide
KNO-oPT-088 mScarlet_seq_3,ccccgtaatgcagaagaaga,sequencing,#FAAC61,nucleotide
KNO-oPT-089 APEX2_seq_2,ctatctgggggtcacactatt,sequencing,#FAAC61,nucleotide
KNO-oPT-090 LSM14A_seq_1,GGGAGTGACATTAAAGACCTTA,sequencing,#FAAC61,nucleotide
KNO-oPT-091 LSM14A_seq_2,GAAGTACACAAAGTTTCAAGGC,sequencing,#FAAC61,nucleotide
KNO-oPT-097 pCAGGS-5,ggttcggcttctggcgtgtgacc,sequencing primer,#FAAC61,nucleotide
KS,CCTCGAGGTCGACGGTATCG,sequencing,#F58A5E,nucleotide
lacZ93,CGCCAGCTGGCGAAAGGG,sequencing,#D6B295,nucleotide
LCO-1490,GGTCAACAAATCATAAAGATATTGG,sequencing,#D59687,nucleotide
Lenti_F,atccacgctgttttgacctc,sequencing,#F58A5E,nucleotide
Lenti_R,ggcattaaagcagcgtatcc,sequencing,#F58A5E,nucleotide
LexA-CF,CGTCAGCAGAGCTTCACCATTG,sequencing,#F58A5E,nucleotide
LexA_NR,TCGGCGGCATACCTGTCTG,sequencing,#F58A5E,nucleotide
LKO.1,GACTATCATATGCTTACCGT,sequencing,#B4ABAC,nucleotide
LXSN-F,GGTCAAGCCCTTTGTACACC,sequencing,#C6C9D1,nucleotide
M13-21F,TGTAAAACGACGGCCAGT,sequencing,#F58A5E,nucleotide
M13-24F,CCAGGGTTTTCCCAGTCACG,sequencing,#FAAC61,nucleotide
M13-24F-BLUE,GTAAAACGACGGCCAGTGAGCGCG,sequencing,#FFEF86,nucleotide
M13-24R,CGGATAACAATTTCACACAGG,sequencing,#F8D3A9,nucleotide
M13-24R-BLUE,AACAGCTATGACCATGATTACGCC,sequencing,#B1FF67,nucleotide
M13-29R,CAGGAAACAGCTATGACC,sequencing,#75C6A9,nucleotide
M13rev2,GAGTTAGCTCACTCATTAGG,sequencing,#B7E6D7,nucleotide
malE,GGTCGTCAGACTGTCGATGAAGCC,IMBA_sequencing,#F58A5E,nucleotide
malEforward,GGTCGTCAGACTGTCGATGAAGCC,sequencing,#F58A5E,nucleotide
MB1153,ACACCCTAACTGACACAC,IMBA_sequencing,#F58A5E,nucleotide
MB1156,CCCGCCTGGATCCTCCCT,IMBA_sequencing,#F58A5E,nucleotide
MB1984,CGATCACATGGTCCTGC,IMBA_sequencing,#F58A5E,nucleotide
MB1985,CTCGGCCTCTGAGCTATTCC,IMBA_sequencing,#F58A5E,nucleotide
MB97,GTAACCATTATAAGCTGC,IMBA_sequencing,#F58A5E,nucleotide
mCherry_Cfwd 245,cgattgtggagcaatacgaacgc,sequencing,#F58A5E,nucleotide
mCherry_F 141,CCGGCGCCTACAACGTCAAC,sequencing,#F58A5E,nucleotide
mCherry_Nrev 244,cgttaacgctaccctccatgtgc,sequencing,#F58A5E,nucleotide
mCitrine-Cfwd,ggaatttgttaccgcagcgggc,sequencing,#F58A5E,nucleotide
mCitrine_CF,CTTGTTGCCGGATAACCACTAC,sequencing,#F58A5E,nucleotide
mCitrine_CF2,AGCAGAATACGCCCATCG,sequencing,#F58A5E,nucleotide
mCitrine_NR,AGTGTGAGTTTCCCATATGTCG,sequencing,#F58A5E,nucleotide
MGTETBAMREV,CCCATCGGTGATGTCGG,IMBA_sequencing,#F58A5E,nucleotide
MKSF,CCAGGCTTTACACTTTATGCTTCC,sequencing,#85DAE9,nucleotide
NLuc_CF,GAACGGCAACAAAATTATCGAC,sequencing,#F58A5E,nucleotide
NLuc_NR,CCCCGAGATTCTGAAACAAAC,sequencing,#F58A5E,nucleotide
pAD-Gal4-AD,GTTTGGAATCACTACAGGGATG,sequencing,#84B0DC,nucleotide
PBADF,ATGCCATAGCATTTTTATCC,sequencing,#F58A5E,nucleotide
PBADR,GATTTAATCTGTATCAGG,sequencing,#F58A5E,nucleotide
pBR-F,AGTGCCACCTGACGTCTAAG,sequencing,#9EAFD2,nucleotide
pcDNA-Dest53-for,GATTACACATGGCATGGA,sequencing,#C7B0E3,nucleotide
pcDNA3.1-R,TAGAAGGCACAGTCGAGGCT,sequencing,#FF9CCD,nucleotide
pcDNA3.3-TOPOseqrev,CTTCCGTGTTTCAGTTAGCCTC,sequencing,#D6B295,nucleotide
pCEP-Forward,AGAGCTCGTTTAGTGAACCG,sequencing,#F58A5E,nucleotide
pCEP-Reverse,GTGGTTTGTCCAAACTCATC,sequencing,#F58A5E,nucleotide
pCEP4for,GCGTGTACGGTGGGAGGTCTATATA,sequencing,#D59687,nucleotide
pCMV forward,GAGCTCGTTTAGTGAACCGTC,sequencing,#F58A5E,nucleotide
pCMV reverse,CAAGGCCAGGAGAGGCACTG,sequencing,#F58A5E,nucleotide
pConG1seq1,GAAGACTTAAGGCAGCGGCAGAA,sequencing,#B4ABAC,nucleotide
pConKseq1,GTAGTCTGAGCAGTACTCGTTGC,sequencing,#C6C9D1,nucleotide
pDest17,ACCACAACGGTTTCCCTCTA,sequencing,#F58A5E,nucleotide
pDONR201 3PRIME,CATCAGAGATTTTGAGACAC,sequencing,#F58A5E,nucleotide
pDONR201 5PRIME,GCAGTTCCCTACTCTCGC,sequencing,#F58A5E,nucleotide
pDONR201 Forward,TCGCGTTAACGCTAGCATGGATCTC,sequencing,#F58A5E,nucleotide
pDONR201 Reverse,GTAACATCAGAGATTTTGAGACAC,sequencing,#F58A5E,nucleotide
pEE12.4_seqrev3,TACCTACCAGTTCTGCGC,sequencing,#FAAC61,nucleotide
pee13.4seqrev,TGCATTCATTTTATGTTTCAGGT,sequencing,#FFEF86,nucleotide
pEF1a fwd,ATTTGCCCTTTTTGAGTTTGG,sequencing,#F58A5E,nucleotide
pEFmyccyto-F,TCTCAAGCCTCAGACAGT,sequencing,#F8D3A9,nucleotide
pelb3,GCGCCAATTCTATTTCAAGG,sequencing,#B1FF67,nucleotide
pENTR1A_seq_f,GGGAGCGGATTTGAACG,sequencing,#F58A5E,nucleotide
pET-T7up,CGGTGATGTCGGCGATATAG,sequencing,#75C6A9,nucleotide
pETBlueDOWN,GTTAAATTGCTAACGCAGTCAG,sequencing,#B7E6D7,nucleotide
pETBlueUP,GTCACGACGTTGTAAAACGAC,sequencing,#85DAE9,nucleotide
pEXPRESS_F,TATGGCTAGCATGACTGG,sequencing,#F58A5E,nucleotide
pFASTBacF,ATTAAAATGATAACCATCTCGC,sequencing,#84B0DC,nucleotide
pFASTBacR,TCAGGTTCAGGGGGAGGT,sequencing,#9EAFD2,nucleotide
pG4seq2r,GTTCAGCCAGTCCTGGTGCA,sequencing,#C7B0E3,nucleotide
pGAD10-F,TACCACTACAATGGATGATG,sequencing,#FF9CCD,nucleotide
pGEM-F,CGACTCACTATAGGGCGAATTGGG,sequencing,#D6B295,nucleotide
pGEM-R,TTGGGAGCTCTCCCATATGGTCG,sequencing,#D59687,nucleotide
pGEX-3,CCGGGAGCTGCATGTGTCAGAGG,sequencing,#F58A5E,nucleotide
pGEX-5,GGGCTGGCAAGCCACGTTTGGTG,sequencing,#F58A5E,nucleotide
pGEX5,GGGCTGGCAAGCCACGTTTGGTG,sequencing,#C6C9D1,nucleotide
PICZ-F,TACTATTGCCAGCATTGCTGC,sequencing,#F58A5E,nucleotide
pIRES-BF,CTTTACATGTGTTTAGTCGAG,sequencing,#FAAC61,nucleotide
pJET-fw,GCCTGAACACCATATCCATCC,sequencing,#FFEF86,nucleotide
pJET1.2-F,CGACTCACTATAGGGAGAGCGGC,sequencing,#F8D3A9,nucleotide
pJET1.2-R,AAGAACATCGATTTTCCATGGCAG,sequencing,#B1FF67,nucleotide
pKS-Fup,TGCGCAACTGTTGGGAAGG,sequencing,#75C6A9,nucleotide
pMAL-R,CCGCAGATGTCCGCTTTCTG,sequencing,#B7E6D7,nucleotide
PME18SF,CTTCTGCTCTAAAAGCTGCG,sequencing,#F58A5E,nucleotide
PME18SR,GCACCTGCAGCTCGAGCACA,sequencing,#F58A5E,nucleotide
PolyA,AAAAAAAAAAAAAAAAAAAAAAAA,sequencing,#F58A5E,nucleotide
PolyT,TTTTTTTTTTTTTTTTTTTTTTTT,sequencing,#F58A5E,nucleotide
pQE-F,CGGATAACAATTTCACACAG,sequencing,#85DAE9,nucleotide
pQE-Fup,ACGAGGCCCTTTCGTCTTC,sequencing,#84B0DC,nucleotide
pQE-R,GTTCTGAGGTCATTACTGG,sequencing,#9EAFD2,nucleotide
PQE30 forward,CCCGAAAAGTGCCACCTG,sequencing,#F58A5E,nucleotide
PQE30 reverse,GTTCTGAGGTCATTACTGG,sequencing,#F58A5E,nucleotide
PSP,GCTACACAATTAGGCT,IMBA_sequencing,#F58A5E,nucleotide
pSuper-retro-S,GGAAGCCTTGGCTTTTG,sequencing,#C7B0E3,nucleotide
Ptac,TCAGGCAGCCATCGGAAGCTG,sequencing,#FF9CCD,nucleotide
pTargeT reverse,TTACGCCAAGTTATTTAGGTGACA,sequencing,#F58A5E,nucleotide
pTreHis_F,GAGGTATATATATTAATGTATCG,sequencing,#F58A5E,nucleotide
pUCF,GCCAGTGAATTCGAGCTCGG,sequencing,#D6B295,nucleotide
pUCR,TGCCTGCAGGTCGACTCTAG,sequencing,#D59687,nucleotide
pUCT7-Rn,TTCAGGCTGCGCAACTGTTG,sequencing,#B4ABAC,nucleotide
pYES-F,ATTGTTAATATACCTCTATAC,sequencing,#C6C9D1,nucleotide
Renilla_C_F,aggacgctccagatgaaatg,sequencing,#F58A5E,nucleotide
REV,CACAGGAAACAGCTATG,IMBA_sequencing,#F58A5E,nucleotide
Rev_ALB11-FR1,CTAAGGCGCAGACTGTTA,sequencing,#F58A5E,nucleotide
RVpr3,CTAGCAAAATAGGCTGTCCC,sequencing,#FAAC61,nucleotide
RVpr4,GACGATAGTCATGCCCCGCG,sequencing,#FFEF86,nucleotide
sCOS1F,CAAATAGGGGTTCCGCGCAC,sequencing,#F8D3A9,nucleotide
Seq12rv_pGEM,GTGTAAGTTGGTATTATGTAG,sequencing,#B1FF67,nucleotide
SeqL-E,GTTGAATATGGCTCATAACAC,sequencing,#75C6A9,nucleotide
SK,CGGCCGCTCTAGAACTAGTGGATC,sequencing,#F58A5E,nucleotide
SP6,TTAGGTGACACTATAG,IMBA_sequencing,#F58A5E,nucleotide
SP6 promoter,ATTTAGGTGACACTATAG,sequencing,#F58A5E,nucleotide
Sp6-20,CTATTTAGGTGACACTATAG,sequencing,#B7E6D7,nucleotide
SP6-CS2,CTTGATTTAGGTGACACTATAG,sequencing,#85DAE9,nucleotide
SP72-F,TGAGAGTGCACCATATGGAC,sequencing,#84B0DC,nucleotide
SV40,CACTGCATTCTAGTTGTGGTT,sequencing,#9EAFD2,nucleotide
SV40-Do,CAGAAGTAGTGAGGAGGC,sequencing,#C7B0E3,nucleotide
SV40POLYAII,TCTACAAATGTGGTATGG,IMBA_sequencing,#F58A5E,nucleotide
SV40STOPN,CCCTGAACCTGAAACATA,IMBA_sequencing,#F58A5E,nucleotide
T3,ATTAACCCTCACTAAAGGGA,sequencing,#F58A5E,nucleotide
T3,ATTAACCCTCACTAAAG,IMBA_sequencing,#F58A5E,nucleotide
T7,TAATACGACTCACTATAGGG,IMBA_sequencing,#F58A5E,nucleotide
T7 terminator R,GCTAGTTATTGCTCAGCGG,sequencing,#F58A5E,nucleotide
T7-CS2,TAATACGACTCACTATAGTTC,sequencing,#D6B295,nucleotide
T7cos1,GCATAATACGACTCACTATAGG,sequencing,#D59687,nucleotide
T7prom,TAATACGACTCACTATAGGG,sequencing,#B4ABAC,nucleotide
T7TERM,GCTAGTTATTGCTCAGCGG,IMBA_sequencing,#F58A5E,nucleotide
TK-pA-R,TTGTCTCCTTCCGTGTTTCA,sequencing,#F58A5E,nucleotide
Topo-1,TCGGATCCACTAGTAACG,sequencing,#F58A5E,nucleotide
Topo-2,GTGTGATGGATATCTGC,sequencing,#FAAC61,nucleotide
trA,CCCTGCGTGTCTCCGACTCAG,sequencing,#FFEF86,nucleotide
TrcHis-F,GAGGTATATATTAATGTATCG,sequencing,#F8D3A9,nucleotide
TrcHis-R,GATTTAATCTGTATCAGG,sequencing,#B1FF67,nucleotide
TRE-F,CTCGTTTAGTGAACCGTCAG,sequencing,#75C6A9,nucleotide
trP1,CCTCTCTATGGGCAGTCGGTGAT,sequencing,#B7E6D7,nucleotide
UNI,CCCAGTCACGACGTTG,IMBA_sequencing,#F58A5E,nucleotide
UniV5his-R,GGCACGGGGGAGGGGCAAAC,sequencing,#85DAE9,nucleotide
V5_rev,ACCGAGGAGAGGGTTAGGGAT,sequencing,#F58A5E,nucleotide
V5C-termR,GAGGAGAGGGTTAGGGATAG,sequencing,#84B0DC,nucleotide
VP16-AD,CTACGGCGCTCTGGATATG,sequencing,#9EAFD2,nucleotide
WSF6,CAGCGTTTCTGGGTGAGC,IMBA_sequencing,#F58A5E,nucleotide
WSF8,TAGGTCTGTACTATTCTA,IMBA_sequencing,#F58A5E,nucleotide
WWEGFP,GGTCAGCTTGCCGTAGGT,IMBA_sequencing,#F58A5E,nucleotide
YES2-R,GCGTGAATGTAAGCGTGAC,sequencing,#C7B0E3,nucleotide
Chicken beta-actin promoter,TCGAGGTGAGCCCCACGTTCTGCTTCACTCTCCCCATCTCCCCCCCCTCCCCACCCCCAATTTTGTATTTATTTATTTTTTAATTATTTTGTGCAGCGATGGGGGCGGGGGGGGGGGGGGGGCGCGCGCCAGGCGGGGCGGGGCGGGGCGAGGGGCGGGGCGGGGCGAGGCGGAGAGGTGCGGCGGCAGCCAATCAGAGCGGCGCGCTCCGAAAGTTTCCTTTTATGGCGAGGCGGCGGCGGCGGCGGCCCTATAAAAAGCGAAGCGCGCGGCGGGCG,promoter,#85DAE9,nucleotide
CMV enhancer,CGTTACATAACTTACGGTAAATGGCCCGCCTGGCTGACCGCCCAACGACCCCCGCCCATTGACGTCAATAATGACGTATGTTCCCATAGTAACGCCAATAGGGACTTTCCATTGACGTCAATGGGTGGAGTATTTACGGTAAACTGCCCACTTGGCAGTACATCAAGTGTATCATATGCCAAGTACGCCCCCTATTGACGTCAATGACGGTAAATGGCCCGCCTGGCATTATGCCCAGTACATGACCTTATGGGACTTTCCTACTTGGCAGTACATCTACGTATTAGTCATCGCTATTACCATG,promoter,#C7B0E3,nucleotide
CMV promoter,GTGATGCGGTTTTGGCAGTACATCAATGGGCGTGGATAGCGGTTTGACTCACGGGGATTTCCAAGTCTCCACCCCATTGACGTCAATGGGAGTTTGTTTTGGCACCAAAATCAACGGGACTTTCCAAAATGTCGTAACAACTCCGCCCCATTGACGCAAATGGGCGGTAGGCGTGTACGGTGGGAGGTCTATATAAGCAGAGCT,promoter,#9EAFD2,nucleotide
GAL1 promoter,CGGATTAGAAGCCGCCGAGCGGGTGACAGCCCTCCGAAGGAAGACTCTCCTCCGTGCGTCCTCGTCTTCACCGGTCGCGTTCCTGAAACGCAGATGTGCCTCGCGCCGCACTGCTCCGAACAATAAAGATTCTACAATACTAGCTTTTATGGTTATGAAGAGGAAAAATTGGCAGTAACCTGGCCCCACAAACCTTCAAATGAACGAATCAAATTAACAACCATAGGATGATAATGCGATTAGTTTTTTAGCCTTATTTCTGGGGTAATTAATCAGCGAAGCGATGATTTTTGATCTATTAACAGATATATAAATGCAAAAACTGCATAACCACTTTAACTAATACTTTCAACATTTTCGGTTTGTATTACTTCTTATTCAAATGTAATAAAAGTATCAACAAAAAATTGTTAATATACCTCTATACTTTAACGTCAAGGAG,promoter,#C7B0E3,nucleotide
HSV TK promoter,AAATGAGTCTTCGGACCTCGCGGGGGCCGCTTAAGCGGTGGTTAGGGTTTGTCTGACGCGGGGGGAGGGGGAAGGAACGAAACACTCTCATTCGGAGGCGGCTCGGGGTTTGGTCTTGGTGGCCACGGGCACGCAGAAGAGCGCCGCGATCCTCTTAAGCACCCCCCCGCCCTCCGTGGAGGCGGGGGTTTGGTCGGCGGGTGGTAACTGGCGGGCCGCTGACTCGGGCGGGTCGCGCGCCCCAGAGTGTGACCTTTTCGGTCTGCTCGCAGACCCCCGGGCGGCGCCGCCGCGGCGGCGACGGGCTCGCTGGGTCCTAGGCTCCATGGGGACCGTATACGTGGACAGGCTCTGGAGCATCCGCACGACTGCGGTGATATTACCGGAGACCTTCTGCGGGACGAGCCGGGTCACGCGGCTGACGCGGAGCGTCCGTTGGGCGACAAACACCAGGACGGGGCACAGGTACACTATCTTGTCACCCGGAGGCGCGAGGGACTGCAGGAGCTTCAGGGAGTGGCGCAGCTGCTTCATCCCCGTGGCCCGTTGCTCGCGTTTGCTGGCGGTGTCCCCGGAAGAAATATATTTGCATGTCTTTAGTTCTATGATGACACAAACCCCGCCCAGCGTCTTGTCATTGGCGAATTCGAACACGCAGATGCAGTCGGGGCGGCGCGGTCCCAGGTCCACTTCGCATATTAAGGTGACGCGTGTGGCCTCGAACACCGAGCGACCCTGCAGCGACCCGCTTAA,promoter,#9EAFD2,nucleotide
lac promoter,TTTACACTTTATGCTTCCGGCTCGTATGTTG,promoter,#C7B0E3,nucleotide
lac UV5 promoter,TTTACACTTTATGCTTCCGGCTCGTATAATG,promoter,#FAAC61,nucleotide
PGK promoter,GGGTAGGGGAGGCGCTTTTCCCAAGGCAGTCTGGAGCATGCGCTTTAGCAGCCCCGCTGGGCACTTGGCGCTACACAAGTGGCCTCTGGCCTCGCACACATTCCACATCCACCGGTAGGCGCCAACCGGCTCCGTTCTTTGGTGGCCCCTTCGCGCCACCTTCTACTCCTCCCCTAGTCAGGAAGTTCCCCCCCGCCCCGCAGCTCGCGTCGTGCAGGACGTGACAAATGGAAGTAGCACGTCTCACTAGTCTCGTGCAGATGGACAGCACCGCTGAGCAATGGAAGCGGGTAGGCCTTTGGGGCAGCGGCCAATAGCAGCTTTGCTCCTTCGCTTTCTGGGCTCAGAGGCTGGGAAGGGGTGGGTCCGGGGGCGGGCTCAGGGGCGGGCTCAGGGGCGGGGCGGGCGCCCGAAGGTCCTCCGGAGGCCCGGCATTCTGCACGCTTCAAAAGCGCACGTCTGCCGCGCTGTTCTCCTCTTCCTCATCTCCGGGCCTTTCG,promoter,#FFEF86,nucleotide
SP6 promoter,ATTTAGGTGACACTATAGA,promoter,#85DAE9,nucleotide
spleen focus-forming virus long terminal repeat (LTR) promoter,gtaacgccattttgcaaggcatggaaaaataccaaaccaagaatagagaagttcagatcaagggcgggtacatgaaaatagctaacgttgggccaaacaggatatctgcggtgagcagtttcggccccggcccggggccaagaacagatggtcaccgcagtttcggccccggcccgaggccaagaacagatggtccccagatatggcccaaccctcagcagtttcttaagacccatcagatgtttccaggctcccccaaggacctgaaatgaccctgcgccttatttgaattaaccaatcagcctgcttctcgcttctgttcgcgcgcttctgcttcccgagctctataaaagagctcacaacccctcactcggcgcgccagtcctccgacagactgagtcgcccggg,promoter,#f58a5e,nucleotide
SV40 promoter,GGTGTGGAAAGTCCCCAGGCTCCCCAGCAGGCAGAAGTATGCAAAGCATGCATCTCAATTAGTCAGCAACCAGGTGTGGAAAGTCCCCAGGCTCCCCAGCAGGCAGAAGTATGCAAAGCATGCATCTCAATTAGTCAGCAACCATAGTCCCGCCCCTAACTCCGCCCATCCCGCCCCTAACTCCGCCCAGTTCCGCCCATTCTCCGCCCCATGGCTGACTAATTTTTTTTATTTATGCAGAGGCCGAGGCCGCCTCGGCCTCTGAGCTATTCCAGAAGTAGTGAGGAGGCTTTTTTGGAGGCCTAGGCTTTTGCAAA,promoter,#84B0DC,nucleotide
T3 promoter,AATTAACCCTCACTAAAGG,promoter,#9EAFD2,nucleotide
T5 promoter,TCATAAAAAATTTATTTGCTTTGTGAGCGGATAACAATTATAATA,promoter,#C7B0E3,nucleotide
tac promoter,TTGACAATTAATCATCGGCTCGTATAATG,promoter,#75C6A9,nucleotide
trc promoter,TTGACAATTAATCATCCGGCTCGTATAATG,promoter,#D59687,nucleotide
attB1,CMASTWTGTACAAAAAAGYWG,misc_recomb,#C7B0E3,nucleotide
attB2,CMASTWTGTACAAGAAAGYWG,misc_recomb,#C7B0E3,nucleotide
attB3,CMASTWTGTATAATAAAGYWG,misc_recomb,#C7B0E3,nucleotide
attB4,CMASTWTGTATAGAAAAGYWG,misc_recomb,#C7B0E3,nucleotide
attB5,CMASTWTGTATACAAAAGYWG,misc_recomb,#C7B0E3,nucleotide
AttL1,AAATAATGATTTTATTTTGACTGATAGTGACCTGTTCGTTGCAACAMATTGATRAGCAATGCTTTYTTATAATGCCMASTTTGTACAAAAAAGYWG,misc_recomb,#C7B0E3,nucleotide
AttL2,AAATAATGATTTTATTTTGACTGATAGTGACCTGTTCGTTGCAACAMATTGATRAGCAATGCTTTYTTATAATGCCMASTTTGTACAAGAAAGYWG,misc_recomb,#C7B0E3,nucleotide
attL3,AAATAATGATTTTATTTTGACTGATAGTGACCTGTTCGTTGCAACAMATTGATRAGCAATGCTTTYTTATAATGCCMASTTTGTATAATAAAGYWG,misc_recomb,#C7B0E3,nucleotide
attL4,AAATAATGATTTTATTTTGACTGATAGTGACCTGTTCGTTGCAACAMATTGATRAGCAATGCTTTYTTATAATGCCMASTTTGTATAGAAAAGYWG,misc_recomb,#C7B0E3,nucleotide
attL5,AAATAATGATTTTATTTTGACTGATAGTGACCTGTTCGTTGCAACAMATTGATRAGCAATKMTTTYTTATAATGCCMASTTTGTATACAAAAGYWG,misc_recomb,#C7B0E3,nucleotide
AttP1,AAATAATGATTTTATTTTGACTGATAGTGACCTGTTCGTTGCAACAMATTGATRAGCAATGCTTTYTTATAATGCCMASTTTGTACAAAAAAGYWGAACGAGAAACGTAAAATGATATAAATATCAATATATTAAATTAGATTTTGCATAAAAAACAGACTACATAATRCTGTAAAACACAACATATSCAGTCAYWWTGAATCAACTACTTAGATGGTATTAGTGACCTGTA,misc_recomb,#C7B0E3,nucleotide
AttP2,AAATAATGATTTTATTTTGACTGATAGTGACCTGTTCGTTGCAACAMATTGATRAGCAATGCTTTYTTATAATGCCMASTTTGTACAAGAAAGYWGAACGAGAAACGTAAAATGATATAAATATCAATATATTAAATTAGATTTTGCATAAAAAACAGACTACATAATRCTGTAAAACACAACATATSCAGTCAYWWTGAATCAACTACTTAGATGGTATTAGTGACCTGTA,misc_recomb,#C7B0E3,nucleotide
attP3,AAATAATGATTTTATTTTGACTGATAGTGACCTGTTCGTTGCAACAMATTGATRAGCAATGCTTTYTTATAATGCCMASTTTGTATAATAAAGYWGAACGAGAAACGTAAAATGATATAAATATCAATATATTAAATTAGATTTTGCATAAAAAACAGACTACATAATRCTGTAAAACACAACATATSCAGTCAYWWTGAATCAACTACTTAGATGGTATTAGTGACCTGTA,misc_recomb,#C7B0E3,nucleotide
attP4,AAATAATGATTTTATTTTGACTGATAGTGACCTGTTCGTTGCAACAMATTGATRAGCAATGCTTTYTTATAATGCCMASTTTGTATAGAAAAGYWGAACGAGAAACGTAAAATGATATAAATATCAATATATTAAATTAGATTTTGCATAAAAAACAGACTACATAATRCTGTAAAACACAACATATSCAGTCAYWWTGAATCAACTACTTAGATGGTATTAGTGACCTGTA,misc_recomb,#C7B0E3,nucleotide
attP5,AAATAATGATTTTATTTTGACTGATAGTGACCTGTTCGTTGCAACAMATTGATRAGCAATKMTTTYTTATAATGCCMASTTTGTATACAAAAGYWGAACGAGAAACGTAAAATGATATAAATATCAATATATTAAATTAGATTTTGCATAAAAAACAGACTACATAATRCTGTAAAACACAACATATSCAGTCAYWWTGAATCAACTACTTAGATGGTATTAGTGACCTGTA,misc_recomb,#C7B0E3,nucleotide
AttR1,CMASTTTGTACAAAAAAGYWGAACGAGAAACGTAAAATGATATAAATATCAATATATTAAATTAGATTTTGCATAAAAAACAGACTACATAATRCTGTAAAACACAACATATSCAGTCAYWWTGAATCAACTACTTAGATGGTATTAGTGACCTGTA,misc_recomb,#C7B0E3,nucleotide
AttR2,CMASTTTGTACAAGAAAGYWGAACGAGAAACGTAAAATGATATAAATATCAATATATTAAATTAGATTTTGCATAAAAAACAGACTACATAATRCTGTAAAACACAACATATSCAGTCAYWWTGAATCAACTACTTAGATGGTATTAGTGACCTGTA,misc_recomb,#C7B0E3,nucleotide
attR3,CMASTTTGTATAATAAAGYWGAACGAGAAACGTAAAATGATATAAATATCAATATATTAAATTAGATTTTGCATAAAAAACAGACTACATAATRCTGTAAAACACAACATATSCAGTCAYWWTGAATCAACTACTTAGATGGTATTAGTGACCTGTA,misc_recomb,#C7B0E3,nucleotide
attR4,CMASTTTGTATAGAAAAGYWGAACGAGAAACGTAAAATGATATAAATATCAATATATTAAATTAGATTTTGCATAAAAAACAGACTACATAATRCTGTAAAACACAACATATSCAGTCAYWWTGAATCAACTACTTAGATGGTATTAGTGACCTGTA,misc_recomb,#C7B0E3,nucleotide
attR5,CMASTWTGTATACAAAAGYWGAACGAGAAACGTAAAATGATATAAATATCAATATATTAAATTAGATTTTGCATAAAAAACAGACTACATAATRCTGTAAAACACAACATATSCAGTCAYWWTGAATCAACTACTTAGATGGTATTAGTGACCTGTA,misc_recomb,#C7B0E3,nucleotide
ccdB,ATGGTGATCCCCCTGGCCAGTGCACGTCTGCTGTCAGATAAAGTCNCCCGTGAACTTTACCCGGTGGTGCATATCGGGGATGAAAGCTGGCGCATGATGACCACCGATATGGCCAGTGTGCCGGTCTCCGTTATCGGGGAAGAAGTGGCTGATCTCAGCCACCGCGAAAATGACATCAAAAACGCCATTAACCTGATGTTCTGGGGAATA,CDS,#FFEF86,nucleotide
Gateway recomb1,cmastwtGTACAAAaaagywg,misc_feature,#F58A5E,nucleotide
Gateway Recomb2,cmastwtGTACAAGaaagywg,misc_feature,#F58A5E,nucleotide
Gateway Recomb3,cmastwtGTATAATaaagywg,misc_feature,#F58A5E,nucleotide
Gateway Recomb4,cmastwtGTATAGAaaagywg,misc_feature,#F58A5E,nucleotide
Gateway Recomb5,cmastwtGTATACAaaagywg,misc_feature,#F58A5E,nucleotide
ADH1 promoter,TAAAACAAGAAGAGGGTTGACTACATCACGATGAGGGGGATCGAAGAAATGATGGTAAATGAAATAGGAAATCAAGGAGCATGAAGGCAAAAGACAAATATAAGGGTCGAACGAAAAATAAAGTGAAAAGTGTTGATATGATGTATTTGGCTTTGCGGCGCCGAAAAAACGAGTTTACGCAATTGCACAATCATGCTGACTCTGTGGCGGACCCGCGCTCTTGCCGGCCCGGCGATAACGCTGGGCGTGAGGCTGTGCCCGGCGGAGTTTTTTGCGCCTGCATTTTCCAAGGTTTACCCTGCGCTAAGGGGCGAGATTGGAGAAGCAATAAGAATGCCGGTTGGGGTTGCGATGATGACGACCACGACAACTGGTGTCATTATTTAAGTTGCCGAAAGAACCTGAGTGCATTTGCAACATGAGTATACTAGAAGAATGAGCCAAGACTTGCGAGACGCGAGTTTGCCGGTGGTGCGAACAATAGAGCGACCATGACCTTGAAGGTGAGACGCGCATAACCGCTAGAGTACTTTGAAGAGGAAACAGCAATAGGGTTGCTACCAGTATAAATAGACAGGTACATACAACACTGGAAATGGTTGTCTGTTTGAGTACGCTTTCAATTCATTTGGGTGTGCACTTTATTATGTTACAATATGGAAGGGAACTTTACACTTCTCCTATGCACATATATTAATTAAAGTCCAATGCTAGTAGAGAAGGGGGGTAACACCCCTCCGCGCTCTTTTCCGATTTTTTTCTAAACCGTGGAATATTTCGGATATCCTTTTGTTGTTTCCGGGTGTACAATATGGACTTCCTCTTTTCTGGCAACCAAACCCATACATCGGGATTCCTATAATACCTTCGTTGGTCTCCCTAACATGTAGGTGGCGGAGGGGAGATATACAATAGAACAGATACCAGACAAGACATAATGGGCTAAACAAGACTACACCAATTACACTGCCTCATTGATGGTGGTACATAACGAACTAATACTGTAGCCCTAGACTTGATAGCCATCATCATATCGAAGTTTCACTACCCTTTTTCCATTTGCCATCTATTGAAGTAATAATAGGC<GCATGCAACTTCTTTTCTTTTTTTTTCTTTTCTCTCTCCCCCGTTGTTGTCTCACCATATCCGCAATGAC#AAAAAAATGATGGAAGACACTAAAGGAAAAAATTAACGACAAAGACAGCACCAACAGATGTCGTTGTTCCAGAGCTGATGAGGGGTATCTNNNNNCACACGAAACTTTTTCCTTCCTTCATT#GACCTGCAATTATTAATCTTTTGTTTCCTCGTCATTGTTCTCGTTCCCTTTCTTCCTTGTTTCTTTTTCTGCACAATATTTCAAGCTATACCAAGCATACAA,promoter,#84B0DC,nucleotide
AmpR,ATGAGCACTTTTAAAGTTCTGCTATGNNNNNCNNTATTATCCCGTNNTGACGNCGGGCAAGAGCAACTCGGTCGCCGNNNNCNNTATTCTCAGAATGACTTGGTTGAGTACTCACCAGTCACAGAAAAGCATCTTACGGATGGCATGACAGTAAGAGAATTATGCAGTGCTGCCATAANCATGAGTGATAACACTGCGGCCAACTTACTTCTGACAACGATCGGAGGACCGAAGGAGCTAACCGCTTTTTTNCACAACATGGGGGATCATGTAACTCGCCTTGATCGTTGGGAACCGGAGCTGAATGAAGCCATACCAAACGACGAGNGTGACACCACGATGCCNGNAGCAATGNCAACAACGTTGCGCAAACTATTAACTGGCGAACTACTTACTCTAGCTTCCCGGCAACAATTAATAGACTGNATGGAGGCGGATAAAGTTGCAGGACCACTTCTGCGCTCGGCCCTTCCGGCTGGCTGGTTTATTGCTGATAAATCTGGAGCCGGTGAGCGTGGGTCTCGCGGTATCATTGCAGCACTGGGGCCAGATGGTAAGCNCTCCCGTATCGTAGTTATCTACACGACGGGNAGTCAGGCAACTATGGATGAACGAAATAGACAGATCGCTGAGATAGGTGCCTCACTGATTAAGCATTGG,CDS,#FFEF86,nucleotide
Cas9,ATCCACGGAGTCCCAGCAGCCGACAAGAAGTACAGCATCGGCCTGGACATCGGCACCAACTCTGTGGGCTGGGCCGTGATCACCGACGAGTACAAGGTGCCCAGCAAGAAATTCAAGGTGCTGGGCAACACCGACCGGCACAGCATCAAGAAGAACCTGATCGGAGCCCTGCTGTTCGACAGCGGCGAAACAGCCGAGGCCACCCGGCTGAAGAGAACCGCCAGAAGAAGATACACCAGACGGAAGAACCGGATCTGCTATCTGCAAGAGATCTTCAGCAACGAGATGGCCAAGGTGGACGACAGCTTCTTCCACAGACTGGAAGAGTCCTTCCTGGTGGAAGAGGATAAGAAGCACGAGCGGCACCCCATCTTCGGCAACATCGTGGACGAGGTGGCCTACCACGAGAAGTACCCCACCATCTACCACCTGAGAAAGAAACTGGTGGACAGCACCGACAAGGCCGACCTGCGGCTGATCTATCTGGCCCTGGCCCACATGATCAAGTTCCGGGGCCACTTCCTGATCGAGGGCGACCTGAACCCCGACAACAGCGACGTGGACAAGCTGTTCATCCAGCTGGTGCAGACCTACAACCAGCTGTTCGAGGAAAACCCCATCAACGCCAGCGGCGTGGACGCCAAGGCCATCCTGTCTGCCAGACTGAGCAAGAGCAGACGGCTGGAAAATCTGATCGCCCAGCTGCCCGGCGAGAAGAAGAATGGCCTGTTCGGAAACCTGATTGCCCTGAGCCTGGGCCTGACCCCCAACTTCAAGAGCAACTTCGACCTGGCCGAGGATGCCAAACTGCAGCTGAGCAAGGACACCTACGACGACGACCTGGACAACCTGCTGGCCCAGATCGGCGACCAGTACGCCGACCTGTTTCTGGCCGCCAAGAACCTGTCCGACGCCATCCTGCTGAGCGACATCCTGAGAGTGAACACCGAGATCACCAAGGCCCCCCTGAGCGCCTCTATGATCAAGAGATACGACGAGCACCACCAGGACCTGACCCTGCTGAAAGCTCTCGTGCGGCAGCAGCTGCCTGAGAAGTACAAAGAGATTTTCTTCGACCAGAGCAAGAACGGCTACGCCGGCTACATTGACGGCGGAGCCAGCCAGGAAGAGTTCTACAAGTTCATCAAGCCCATCCTGGAAAAGATGGACGGCACCGAGGAACTGCTCGTGAAGCTGAACAGAGAGGACCTGCTGCGGAAGCAGCGGACCTTCGACAACGGCAGCATCCCCCACCAGATCCACCTGGGAGAGCTGCACGCCATTCTGCGGCGGCAGGAAGATTTTTACCCATTCCTGAAGGACAACCGGGAAAAGATCGAGAAGATCCTGACCTTCCGCATCCCCTACTACGTGGGCCCTCTGGCCAGGGGAAACAGCAGATTCGCCTGGATGACCAGAAAGAGCGAGGAAACCATCACCCCCTGGAACTTCGAGGAAGTGGTGGACAAGGGCGCTTCCGCCCAGAGCTTCATCGAGCGGATGACCAACTTCGATAAGAACCTGCCCAACGAGAAGGTGCTGCCCAAGCACAGCCTGCTGTACGAGTACTTCACCGTGTATAACGAGCTGACCAAAGTGAAATACGTGACCGAGGGAATGAGAAAGCCCGCCTTCCTGAGCGGCGAGCAGAAAAAGGCCATCGTGGACCTGCTGTTCAAGACCAACCGGAAAGTGACCGTGAAGCAGCTGAAAGAGGACTACTTCAAGAAAATCGAGTGCTTCGACTCCGTGGAAATCTCCGGCGTGGAAGATCGGTTCAACGCCTCCCTGGGCACATACCACGATCTGCTGAAAATTATCAAGGACAAGGACTTCCTGGACAATGAGGAAAACGAGGACATTCTGGAAGATATCGTGCTGACCCTGACACTGTTTGAGGACAGAGAGATGATCGAGGAACGGCTGAAAACCTATGCCCACCTGTTCGACGACAAAGTGATGAAGCAGCTGAAGCGGCGGAGATACACCGGCTGGGGCAGGCTGAGCCGGAAGCTGATCAACGGCATCCGGGACAAGCAGTCCGGCAAGACAATCCTGGATTTCCTGAAGTCCGACGGCTTCGCCAACAGAAACTTCATGCAGCTGATCCACGACGACAGCCTGACCTTTAAAGAGGACATCCAGAAAGCCCAGGTGTCCGGCCAGGGCGATAGCCTGCACGAGCACATTGCCAATCTGGCCGGCAGCCCCGCCATTAAGAAGGGCATCCTGCAGACAGTGAAGGTGGTGGACGAGCTCGTGAAAGTGATGGGCCGGCACAAGCCCGAGAACATCGTGATCGAAATGGCCAGAGAGAACCAGACCACCCAGAAGGGACAGAAGAACAGCCGCGAGAGAATGAAGCGGATCGAAGAGGGCATCAAAGAGCTGGGCAGCCAGATCCTGAAAGAACACCCCGTGGAAAACACCCAGCTGCAGAACGAGAAGCTGTACCTGTACTACCTGCAGAATGGGCGGGATATGTACGTGGACCAGGAACTGGACATCAACCGGCTGTCCGACTACGATGTGGACCATATCGTGCCTCAGAGCTTTCTGAAGGACGACTCCATCGACAACAAGGTGCTGACCAGAAGCGACAAGAACCGGGGCAAGAGCGACAACGTGCCCTCCGAAGAGGTCGTGAAGAAGATGAAGAACTACTGGCGGCAGCTGCTGAACGCCAAGCTGATTACCCAGAGAAAGTTCGACAATCTGACCAAGGCCGAGAGAGGCGGCCTGAGCGAACTGGATAAGGCCGGCTTCATCAAGAGACAGCTGGTGGAAACCCGGCAGATCACAAAGCACGTGGCACAGATCCTGGACTCCCGGATGAACACTAAGTACGACGAGAATGACAAGCTGATCCGGGAAGTGAAAGTGATCACCCTGAAGTCCAAGCTGGTGTCCGATTTCCGGAAGGATTTCCAGTTTTACAAAGTGCGCGAGATCAACAACTACCACCACGCCCACGACGCCTACCTGAACGCCGTCGTGGGAACCGCCCTGATCAAAAAGTACCCTAAGCTGGAAAGCGAGTTCGTGTACGGCGACTACAAGGTGTACGACGTGCGGAAGATGATCGCCAAGAGCGAGCAGGAAATCGGCAAGGCTACCGCCAAGTACTTCTTCTACAGCAACATCATGAACTTTTTCAAGACCGAGATTACCCTGGCCAACGGCGAGATCCGGAAGCGGCCTCTGATCGAGACAAACGGCGAAACCGGGGAGATCGTGTGGGATAAGGGCCGGGATTTTGCCACCGTGCGGAAAGTGCTGAGCATGCCCCAAGTGAATATCGTGAAAAAGACCGAGGTGCAGACAGGCGGCTTCAGCAAAGAGTCTATCCTGCCCAAGAGGAACAGCGATAAGCTGATCGCCAGAAAGAAGGACTGGGACCCTAAGAAGTACGGCGGCTTCGACAGCCCCACCGTGGCCTATTCTGTGCTGGTGGTGGCCAAAGTGGAAAAGGGCAAGTCCAAGAAACTGAAGAGTGTGAAAGAGCTGCTGGGGATCACCATCATGGAAAGAAGCAGCTTCGAGAAGAATCCCATCGACTTTCTGGAAGCCAAGGGCTACAAAGAAGTGAAAAAGGACCTGATCATCAAGCTGCCTAAGTACTCCCTGTTCGAGCTGGAAAACGGCCGGAAGAGAATGCTGGCCTCTGCCGGCGAACTGCAGAAGGGAAACGAACTGGCCCTGCCCTCCAAATATGTGAACTTCCTGTACCTGGCCAGCCACTATGAGAAGCTGAAGGGCTCCCCCGAGGATAATGAGCAGAAACAGCTGTTTGTGGAACAGCACAAGCACTACCTGGACGAGATCATCGAGCAGATCAGCGAGTTCTCCAAGAGAGTGATCCTGGCCGACGCTAATCTGGACAAAGTGCTGTCCGCCTACAACAAGCACCGGGATAAGCCCATCAGAGAGCAGGCCGAGAATATCATCCACCTGTTTACCCTGACCAATCTGGGAGCCCCTGCCGCCTTCAAGTACTTTGACACCACCATCGACCGGAAGAGGTACACCAGCACCAAAGAGGTGCTGGACGCCACCCTGATCCACCAGAGCATCACCGGCCTGTACGAGACACGGATCGACCTGTCTCAGCTGGGAGGCGACAAAAGGCCGGCGGCCACGAAAAAGGCCGGCCAGGCAAAAAAGAAAAAG,CDS,#C7B0E3,nucleotide
Cas9 core,GACAAGAAGTACAGCATCGGCCTGGACATCGGCACCAACTCTGTGGGCTGGGCCGTGATCACCGACGAGTACAAGGTGCCCAGCAAGAAATTCAAGGTGCTGGGCAACACCGACCGGCACAGCATCAAGAAGAACCTGATCGGAGCCCTGCTGTTCGACAGCGGCGAAACAGCCGAGGCCACCCGGCTGAAGAGAACCGCCAGAAGAAGATACACCAGACGGAAGAACCGGATCTGCTATCTGCAAGAGATCTTCAGCAACGAGATGGCCAAGGTGGACGACAGCTTCTTCCACAGACTGGAAGAGTCCTTCCTGGTGGAAGAGGATAAGAAGCACGAGCGGCACCCCATCTTCGGCAACATCGTGGACGAGGTGGCCTACCACGAGAAGTACCCCACCATCTACCACCTGAGAAAGAAACTGGTGGACAGCACCGACAAGGCCGACCTGCGGCTGATCTATCTGGCCCTGGCCCACATGATCAAGTTCCGGGGCCACTTCCTGATCGAGGGCGACCTGAACCCCGACAACAGCGACGTGGACAAGCTGTTCATCCAGCTGGTGCAGACCTACAACCAGCTGTTCGAGGAAAACCCCATCAACGCCAGCGGCGTGGACGCCAAGGCCATCCTGTCTGCCAGACTGAGCAAGAGCAGACGGCTGGAAAATCTGATCGCCCAGCTGCCCGGCGAGAAGAAGAATGGCCTGTTCGGAAACCTGATTGCCCTGAGCCTGGGCCTGACCCCCAACTTCAAGAGCAACTTCGACCTGGCCGAGGATGCCAAACTGCAGCTGAGCAAGGACACCTACGACGACGACCTGGACAACCTGCTGGCCCAGATCGGCGACCAGTACGCCGACCTGTTTCTGGCCGCCAAGAACCTGTCCGACGCCATCCTGCTGAGCGACATCCTGAGAGTGAACACCGAGATCACCAAGGCCCCCCTGAGCGCCTCTATGATCAAGAGATACGACGAGCACCACCAGGACCTGACCCTGCTGAAAGCTCTCGTGCGGCAGCAGCTGCCTGAGAAGTACAAAGAGATTTTCTTCGACCAGAGCAAGAACGGCTACGCCGGCTACATTGACGGCGGAGCCAGCCAGGAAGAGTTCTACAAGTTCATCAAGCCCATCCTGGAAAAGATGGACGGCACCGAGGAACTGCTCGTGAAGCTGAACAGAGAGGACCTGCTGCGGAAGCAGCGGACCTTCGACAACGGCAGCATCCCCCACCAGATCCACCTGGGAGAGCTGCACGCCATTCTGCGGCGGCAGGAAGATTTTTACCCATTCCTGAAGGACAACCGGGAAAAGATCGAGAAGATCCTGACCTTCCGCATCCCCTACTACGTGGGCCCTCTGGCCAGGGGAAACAGCAGATTCGCCTGGATGACCAGAAAGAGCGAGGAAACCATCACCCCCTGGAACTTCGAGGAAGTGGTGGACAAGGGCGCTTCCGCCCAGAGCTTCATCGAGCGGATGACCAACTTCGATAAGAACCTGCCCAACGAGAAGGTGCTGCCCAAGCACAGCCTGCTGTACGAGTACTTCACCGTGTATAACGAGCTGACCAAAGTGAAATACGTGACCGAGGGAATGAGAAAGCCCGCCTTCCTGAGCGGCGAGCAGAAAAAGGCCATCGTGGACCTGCTGTTCAAGACCAACCGGAAAGTGACCGTGAAGCAGCTGAAAGAGGACTACTTCAAGAAAATCGAGTGCTTCGACTCCGTGGAAATCTCCGGCGTGGAAGATCGGTTCAACGCCTCCCTGGGCACATACCACGATCTGCTGAAAATTATCAAGGACAAGGACTTCCTGGACAATGAGGAAAACGAGGACATTCTGGAAGATATCGTGCTGACCCTGACACTGTTTGAGGACAGAGAGATGATCGAGGAACGGCTGAAAACCTATGCCCACCTGTTCGACGACAAAGTGATGAAGCAGCTGAAGCGGCGGAGATACACCGGCTGGGGCAGGCTGAGCCGGAAGCTGATCAACGGCATCCGGGACAAGCAGTCCGGCAAGACAATCCTGGATTTCCTGAAGTCCGACGGCTTCGCCAACAGAAACTTCATGCAGCTGATCCACGACGACAGCCTGACCTTTAAAGAGGACATCCAGAAAGCCCAGGTGTCCGGCCAGGGCGATAGCCTGCACGAGCACATTGCCAATCTGGCCGGCAGCCCCGCCATTAAGAAGGGCATCCTGCAGACAGTGAAGGTGGTGGACGAGCTCGTGAAAGTGATGGGCCGGCACAAGCCCGAGAACATCGTGATCGAAATGGCCAGAGAGAACCAGACCACCCAGAAGGGACAGAAGAACAGCCGCGAGAGAATGAAGCGGATCGAAGAGGGCATCAAAGAGCTGGGCAGCCAGATCCTGAAAGAACACCCCGTGGAAAACACCCAGCTGCAGAACGAGAAGCTGTACCTGTACTACCTGCAGAATGGGCGGGATATGTACGTGGACCAGGAACTGGACATCAACCGGCTGTCCGACTACGATGTGGACCATATCGTGCCTCAGAGCTTTCTGAAGGACGACTCCATCGACAACAAGGTGCTGACCAGAAGCGACAAGAACCGGGGCAAGAGCGACAACGTGCCCTCCGAAGAGGTCGTGAAGAAGATGAAGAACTACTGGCGGCAGCTGCTGAACGCCAAGCTGATTACCCAGAGAAAGTTCGACAATCTGACCAAGGCCGAGAGAGGCGGCCTGAGCGAACTGGATAAGGCCGGCTTCATCAAGAGACAGCTGGTGGAAACCCGGCAGATCACAAAGCACGTGGCACAGATCCTGGACTCCCGGATGAACACTAAGTACGACGAGAATGACAAGCTGATCCGGGAAGTGAAAGTGATCACCCTGAAGTCCAAGCTGGTGTCCGATTTCCGGAAGGATTTCCAGTTTTACAAAGTGCGCGAGATCAACAACTACCACCACGCCCACGACGCCTACCTGAACGCCGTCGTGGGAACCGCCCTGATCAAAAAGTACCCTAAGCTGGAAAGCGAGTTCGTGTACGGCGACTACAAGGTGTACGACGTGCGGAAGATGATCGCCAAGAGCGAGCAGGAAATCGGCAAGGCTACCGCCAAGTACTTCTTCTACAGCAACATCATGAACTTTTTCAAGACCGAGATTACCCTGGCCAACGGCGAGATCCGGAAGCGGCCTCTGATCGAGACAAACGGCGAAACCGGGGAGATCGTGTGGGATAAGGGCCGGGATTTTGCCACCGTGCGGAAAGTGCTGAGCATGCCCCAAGTGAATATCGTGAAAAAGACCGAGGTGCAGACAGGCGGCTTCAGCAAAGAGTCTATCCTGCCCAAGAGGAACAGCGATAAGCTGATCGCCAGAAAGAAGGACTGGGACCCTAAGAAGTACGGCGGCTTCGACAGCCCCACCGTGGCCTATTCTGTGCTGGTGGTGGCCAAAGTGGAAAAGGGCAAGTCCAAGAAACTGAAGAGTGTGAAAGAGCTGCTGGGGATCACCATCATGGAAAGAAGCAGCTTCGAGAAGAATCCCATCGACTTTCTGGAAGCCAAGGGCTACAAAGAAGTGAAAAAGGACCTGATCATCAAGCTGCCTAAGTACTCCCTGTTCGAGCTGGAAAACGGCCGGAAGAGAATGCTGGCCTCTGCCGGCGAACTGCAGAAGGGAAACGAACTGGCCCTGCCCTCCAAATATGTGAACTTCCTGTACCTGGCCAGCCACTATGAGAAGCTGAAGGGCTCCCCCGAGGATAATGAGCAGAAACAGCTGTTTGTGGAACAGCACAAGCACTACCTGGACGAGATCATCGAGCAGATCAGCGAGTTCTCCAAGAGAGTGATCCTGGCCGACGCTAATCTGGACAAAGTGCTGTCCGCCTACAACAAGCACCGGGATAAGCCCATCAGAGAGCAGGCCGAGAATATCATCCACCTGTTTACCCTGACCAATCTGGGAGCCCCTGCCGCCTTCAAGTACTTTGACACCACCATCGACCGGAAGAGGTACACCAGCACCAAAGAGGTGCTGGACGCCACCCTGATCCACCAGAGCATCACCGGCCTGTACGAGACACGGATCGACCTGTCTCAGCTGGGAGGCGACAA,CDS,#9eafd2,nucleotide
CmR,ATGGAGAAAAAAATCACTGGATATACCACCGTTGATATATCCCAATGGCATCGTAAAGAACATTTTGAGGCATTTCAGTCAGTTGCTCAATGTACCTATAACCAGACCGTTCAGCTGGATATTACGGCCTTTTTAAAGACCGTAAAGAAAAATAAGCACAAGTTTTATCCGGCCTTTATTCACATTCTTGCCCGCCTGATGAATGCTCATCCGGAATTCCGTATGGCAATGAAAGACGGTGAGCTGGTGATATGGGATAGTGTTCACCCTTGTTACACCGTTTTCCATGAGCAAACTGAAACGTTTTCATCGCTCTGGAGTGAATACCACGACGATTTCCGGCAGTTTCTACACATATATTCGCAAGATGTGGCGTGTTACGGTGAAAACCTGGCCTATTTCCCTAAAGGGTTTATTGAGAATATGTTTTTCGTCTCAGCCAATCCCTGGGTGAGTTTCACCAGTTTTGATTTAAACGTGGCCAATATGGACAACTTCTTCGCCCCCGTTTTCACCATGGGCAAATATTATACGCAAGGCGACAAGGTGCTGATGCCGCTGGCGATTCAGGTTCATCATGCCGTNTGTGATGGCTTCCATGTCGGCAGAATGCTTAATGAATTACAACAGTACTGCGATGAGTGGCAGGGCGGGGCG,CDS,#FFEF86,nucleotide
CMV promoter,CGTTACATAACTTACGGTAAATGGCCCGCCTGGCTGACCGCCCAACGACCCCCGCCCATTGACGTCAATAATGACGTATGTTCCCATAGTAACGCCAATAGGGACTTTCCATTGACGTCAATGGGTGGAGTATTTACGGTAAACTGCCCACTTGGCAGTACATCAAGTGTATCATATGCCAAGTNCGCCCCCTATTGACGTCAATGACGGTAAATGGCCCGCCTGGCATTATGCCCAGTACATGACCTTANGGGACTTTCCTACTTGGCAGTACATCTACGTATTAGTCATCGCTATTACCATGGTGATGCGGTTTTGGCAGTACANCAATGGGCGTGGATAGCGGTTTGACTCACGGGGATTTCCAAGTCTCCACCCCATTGACGTCAATGGGAGTTTGTTTTGGCACCAAAATCAACGGGACTTTCCAAAATGTCGTAANAACNCCGCCCCNTTGACGCAAATGGGCGGTAGGCGTGTACGGTGGGAGGTCTATATAAGCAGAGCTCGTTTAGTGAACCGTCAGA,promoter,#84B0DC,nucleotide
ColE1 origin,TCATGACCAAAATCCCTTAACGTGAGTTTTCGTTCCACTGAGCGTCAGACCCCGTAGAAAAGATCAAAGGATCTTCTTGAGATCCTTTTTTTCTGCGCGTAATCTGCTGCTTGCAAACAAAAAAACCACCGCTACCAGCGGTGGTTTGTTTGCCGGATCAAGAGCTANCAACTCTTTTTCCGAAGGTAACTGGCTTCAGCAGAGCGCAGATACCAAATACTGTNCTTCTAGTGTAGCCGTAGTTAGGCCACCACTTCAAGAACTCTGTAGCACCGCCTACATACCTCGCTCTGCTAATCCTGTTACCAGTGGCTGCTGCCAGTGGCGATAAGTCGTGTCTTACCGGGTTGGACTCAAGACGATAGTTACCGGATAAGGCGCAGCGGTCGGGCTGAACGGGGGGTTCGTGCACACAGCCCAGCTTGGAGCGAACGACCTACACCGAACTGAGATACCTACAGCGTGAGCNNTGAGAAAGCGCCACGCTTCCCGAAGGGAGAAAGGCGGACAGGTATCCGGTAAGCGGCAGGGTCGGAACAGGAGAGCGCACGAGGGAGCTTCCAGGGGGNAACGCCTGGTATCTTTATAGTCCTGTCGGGTTTCGCCACCTCTGACTTGAGCGTCGATTTTTGTGATGCTCGTCAGGGGGGCNGAGCCTATSGAAAAACGCCAGCAACGCGGCC,rep_origin,#9EAFD2,nucleotide
Dendra2,AACACCCCGGGAATTAACCTGATCAAGGAGGACATGCGCGTGAAGGTGCACATGGAGGGCAACGTGAACGGCCACGCCTTCGTGATCGAGGGCGAGGGCAAGGGCAAGCCCTACGAGGGCACCCAGACCGCCAACCTGACCGTGAAGGAGGGCGCCCCCCTGCCCTTCAGCTACGACATCCTGACCACCGCCGTGCACTACGGCAACCGGGTGTTCACCAAGTACCCCGAGGACATCCCCGACTACTTCAAGCAGAGCTTCCCCGAGGGCTACAGCTGGGAGCGCACCATGACCTTCGAGGACAAGGGCATCTGCACCATCCGCAGCGACATCAGCCTGGAGGGCGACTGCTTCTTCCAGAACGTGCGCTTCAAGGGCACCAACTTCCCCCCCAACGGCCCCGTGATGCAGAAGAAGACCCTGAAGTGGGAGCCCAGCACCGAGAAGCTGCACGTGCGCGACGGCCTGCTGGTGGGCAACATCAACATGGCCCTGCTGCTGGAGGGCGGCGGCCACTACCTGTGCGACTTCAAGACCACCTACAAGGCCAAGAAGGTGGTGCAGCTGCCCGACGCCCACTTCGTGGACCACCGCATCGAGATCCTGGGCAACGACAGCGACTACAACAAGGTGAAGCTGTACGAGCACGCCGTGGCCCGCTACAGCCCCCTGCCCAGCCAGGTGTGG,,#f58a5e,nucleotide
E2A,QCTNYALLKLAGDVESNPGP,2A peptide,#ff9ccd,protein
F1 ori,GCATTAAGCGCGGCGGGTGTGGTGGTTACGCGCAGCGTGACCGCTACACTTGCCAGCGCCCTAGCGCCCGCTCCTTTCGCTTTCTTCCCTTCCTTTCTCGCCACGTTCGCCGGCTTTCCCCGTCAAGCTCTAAATCGGGGNNTCCCTTTAGGGTTCCGATTTAGTGCTTTACGGCACCTCGACCCCAAAAAACTTGATTNGGGTGATGGTTCACGTAGTGGGCCATCGCCCTGATAGACGGTTTTTCGCCCTTTGACGTTGGAGTCCACGTTCTTTAATAGTGGACTCTTGTTCCAAACTGGAACAA,rep_origin,#9EAFD2,nucleotide
F2A,VKQTLNFDLLKLAGDVESNPGP,2A peptide,#f58a5e,protein
FRT,GAAGTTCCTATTCTCTAGAAAGTATAGGAACTTC,misc_recomb,#C7B0E3,nucleotide
GFP(65C),ATGAGTAAAGGAGAAGAACTTTTCACTGGAGTTGTCCCAATTCTTGTTGAATTAGATGGTGATGTTAATGGGCACAAATTTTCTGTCAGTGGAGAGGGTGAAGGTGATGCAACATACGGAAAACTTACCCTTAAATTTATTTGCACTACTGGAAAACTACCTGTTCCATGG(#)CCAACACTTGTCACTACTYTCTGTTATGGTGTTCAATGCTTCTCGAGATACCCAGATCATATGAAACRGCATGACTTTTTCAAGAGTGCCATGCCCGAAGGTTATGTACAGGAAAGAACTATATTTTTCAAAGATGACGGGAACTACAAGACAC(#)GTGCTGAAGTCAAGTTTGAAGGTGATACCCTTGTTAATAGAATCGAGTTAAAAGGTATTGATTTTAAAGAAGATGGAAACATTCTTGGACACAAATTGGAATACAACTATAACTCACACAATGTATACATCATGGCAGACAAACAAAAGAATGGAATCAAAGTT(#)AACTTCAAAATTAGACACAACATTGAAGATGGAAGCGTTCAACTAGCAGACCATTATCAACAAAATACTCCAATTGGCGATGGCCCTGTCCTTTTACCAGACAACCATTACCTGTCCACACAATCTGCCCTTTCGAAAGATCCCAACGAAAAGAGAGACCACATGGTCCTTCTTGAGTTTGTAACAGCTGCTGGGATTACACATGGCATGGAYGAACTATACAAA,CDS,#75C6A9,nucleotide
GFP(65T),ATGAGTAAAGGAGAAGAACTTTTCACTGGAGTTGTCCCAATTCTTGTTGAATTAGATGGTGATGTTAATGGGCACAAATTTTCTGTCAGTGGAGAGGGTGAAGGTGATGCAACATACGGAAAACTTACCCTTAAATTTATTTGCACTACTGGAAAACTACCTGTTCCATGG(#)CCAACACTTGTCACTACTYTCACTTATGGTGTTCAATGCTTCTCGAGATACCCAGATCATATGAAACRGCATGACTTTTTCAAGAGTGCCATGCCCGAAGGTTATGTACAGGAAAGAACTATATTTTTCAAAGATGACGGGAACTACAAGACAC(#)GTGCTGAAGTCAAGTTTGAAGGTGATACCCTTGTTAATAGAATCGAGTTAAAAGGTATTGATTTTAAAGAAGATGGAAACATTCTTGGACACAAATTGGAATACAACTATAACTCACACAATGTATACATCATGGCAGACAAACAAAAGAATGGAATCAAAGTT(#)AACTTCAAAATTAGACACAACATTGAAGATGGAAGCGTTCAACTAGCAGACCATTATCAACAAAATACTCCAATTGGCGATGGCCCTGTCCTTTTACCAGACAACCATTACCTGTCCACACAATCTGCCCTTTCGAAAGATCCCAACGAAAAGAGAGACCACATGGTCCTTCTTGAGTTTGTAACAGCTGCTGGGATTACACATGGCATGGAYGAACTATACAAA,CDS,#75C6A9,nucleotide
hGH polyA signal,CGGGTGGCATCCCTGTGACCCCTCCCCAGTGCCTCTCCTGGCCCTGGAAGTTGCCACTCCAGTGCCCACCAGCCTTGTCCTAATAAAATTAAGTTGCATCATTTTGTCTGACTAGGTGTCCTTCTATAATATTATGGGGTGGAGGGGGGTGGTATGGAGCAAGGGGCAAGTTGGGAAGACAACCTGTAGGGCCTGCGGGGTCTATTGGGAACCAAGCTGGAGTGCAGTGGCACAATCTTGGCTCACTGCAATCTCCGCCTCCTGGGTTCAAGCGATTCTCCTGCCTCAGCCTCCCGAGTTGTTGGGATTCCAGGCATGCATGACCAGGCTCAGCTAATTTTTGTTTTTTTGGTAGAGACGGGGTTTCACCATATTGGCCAGGCTGGTCTCCAACTCCTAATCTCAGGTGATCTACCCACCTTGGCCTCCCAAATTGCTGGGATTACAGGCGTGAACCACTGCTCCCTTCCCTGTCCTTCTG,polyA_signal,#D59687,nucleotide
Kan/neoR,ATTGAACAAGATGGATTGCACGCAGGTTCTCCGGCCGCTTGGGTGGAGAGGCTATTCGGCTATGACTGGGCACAACAGACAATCGGCTGCTCTGATGCCGCCGTGTTCCGGCTGTCAGCGCAGGGGCGCCCGGTTCTTTTTGTCAAGACCGACCTGTCCGGTGCCCTGAATGAACTGCANGACGAGGCAGCGCGGCTATCGTGGCTGGCCACGACGGGCGTTCCTTGCGCAGCTGTGCTCGACGTTGTCACTGAAGCGGGAAGGGACTGGCTGCTATTGGGCGAAGTGCCGGGGCAGGATCTCCTGTCATCTCNCCTTGCTCCTGCCGAGAAAGTATCCATCATGGCTGATGCAATGCGGCGGCTGCATACGCTTGATCCGGCTACCTGCCCATTCGACCACCAAGCGAAACATCGCATCGAGCGAGCACGTACTCGGATGGAAGCCGGTCTTGTCGATCAGGATGATCTGGACGAAGAGCATCAGGGGCTCGCGCCAGCCGAACTGTTCGCCAGGCTCAAGGCGNGCATGCCCGACGGCGAGGATCTCGTCGTGANCCATGGCGATGCCTGCTTGCCGAATATCATGGTGGAAAATGGCCGCTTTTCTGGATTCANCGACTGTGGCCGGCTGGGTGTGGCGGACCGCTATCAGGACATAGCGTTGGNTACCCGTGATATTGCTGAAGAGCTTGGCGGCGAATGGGCTGACCGCTTCCTCGTGCTTTACGGTATCGCCGCTCCCGATTCGCAGCGCATCGCCTTCTATCGCCTTCTTGACGAGTTCTTCTGA,CDS,#FFEF86,nucleotide
KanR,ATGAGCCATATTCAACGGGAAACGTC#AGGCCGCGATTAAATTCCAACATGGATGCTGATTTATATGGGTATAAATGGGCTCGCGATAATGTCGGGCAATCAGGTGCGACAATCTATCGNTTGTATGGGAAGCCCGATGCGCCAGAGTTGTTTCTGAAACATGGCAAAGGTAGCGTTGCCAATGATGTTACAGATGAGATGGTCAGACTAAACTGGCTGACGGAATTTATGCCTCTTCCGACCATCAAGCATTTTATCCGTACTCCTGATGATGCATGGTTACTCACCACTGCGATCCCCGGNAAAACAGCATTCCAGGTATTAGAAGAATATCCTGATTCAGGTGAAAATATTGTTGATGCGCTGGCAGTGTTCCTGCGCCGGTTGCATTCGATTCCTGTTTGTAATTGTCCTTTTAACAGCGATCGCGTATTTCGTCTCGCTCAGGCGCAATCACGAATGAATAACGGTTTGGTTGATGCGAGTGATTTTGATGACGAGCGTAATGGCTGGCCTGTTGAACAAGTCTGGAAAGAAATGCATAAACTTTTGCCATTCTCACCGGATTCAGTCGTCACTCATGGTGATTTCTCACTTGATAACCTTATTTTTGACGAGGGGAAATTAATAGGTTGTATTGATGTTGGACGAGTCGGAATCGCAGACCGATACCAGGATCTTGCCATCCTATGGAACTGCCTCGGTGAGTTTTCTCCTTCATTACAGAAACGGCTTTTTCAAAAATATGGTATTGATAATCCTGATATGAATAAATTGCAGTTTCATTTGATGCTCGATGAGTTTTTC,CDS,#FFEF86,nucleotide
LacI,ATGGCGGAGCTGAATTACATTCCCAACCGCGTGGCACAACAACTGGCGGGCAAACAGTCGTTGCTGATTGGCGTTGCCACCTCCAGTCTGGCCCTGCACGCGCCGTCGCAAATTGTCGCGGCGATTAAATCTCGCGCCGATCAACTGGGTGCCAGCGTGGTGGTGTCGATGGTAGAACGAAGCGGCGTCGAAGCCTGTAAAGCGGCGGTGCACAATCTTCTCGCGCAACGCGTCAGTGGGCTGATCATTAACTATCCGCTGGATGACCAGGATGCCATTGCTGTGGAAGCTGCCTGCACTAATGTTCCGGCGTTATTTCTTGATGTCTCTGACCAGACACCCATCAACAGTATTATTTTCTCCCATGAAGACGGTACGCGACTGGGCGTGGAGCATCTGGTCGCATTGGGTCACCAGCAAATCGCGCTGTTAGCGGGCCCATTAAGTTCTGTCTCGGCGCGTCTGCGTCTGGCTGGCTGGCATAAATATCTCACTCGCAATCAAATTCAGCCGATAGCGGAACGGGAAGGCGACTGGAGTGCCATGTCCGGTTTTCAACAAACCATGCAAATGCTGAATGAGGGCATCGTTCCCACTGCGATGCTGGTTGCCAACGATCAGATGGCGCTGGGCGCAATGCGCGCCATTACCGAGTCCGGGCTGCGCGTTGGTGCGGACATCTCGGTAGTGGGATACGACGATACCGAAGACAGCTCATGTTATATCCCGCCGTTAACCACCATCAAACAGGATTTTCGCCTGCTGGGGCAAACCAGCGTGGACCGCTTGCTGCAACTCTCTCAGGGCCAGGCGGTGAAGGGCAATCAGCTGTTGCCCGTCTCACTGGTGAAAAGAAAAACCACCCTGGCGCCCAATACGCAAACCGCCTCTCCCCGCGCGTTGGCCGATTCATTAATGCAGCTGGCACGACAGGTTTCCCGACTGGAAAGCGGGCAG,CDS,#9EAFD2,nucleotide
LacO,GGAATTGTGAGCGGATAACAATT,misc_binding,#84B0DC,nucleotide
LacZ alpha,TGGCGTAATAGCGAAGAGGCCCGCACCGATCGCCCTTCCCAACAGTTGCGCAGCCTGAATGGCGAATGG,CDS,#84B0DC,nucleotide
LoxP,ATAACTTCGTATAGCATACATTATACGAAGTTAT,misc_recomb,#9EAFD2,nucleotide
loxP,ATAACTTCGTATANNNTANNNTATACGAAGTTAT,Recombination site,#ff9ccd,nucleotide
M13 origin,ACGCGCCCTGTAGCGGCGCATTAAGCGCGGCGGGTGTGGTGGTTACGCGCAGCGTGACCGCTACACTTGCCAGCGCCCTAGCGCCCGCTCCTTTCGCTTTCTTCCCTTCCTTTCTCGCCACGTTC#GCTTTCCCCGTCAAGCTCTAAATCGGGGGCTCCCTTTAGGGTTCCGATTTAGTGCTTTACGGCACCTCGACCCCAAAAAACTTGATTNGGGTGATGGTTCACGTAGTGGGCCATCGCCCTGATAGACGGTTTTTCGCCCTTTGACGTTGGAGTCCACGTTCTTTAATAGTGGACTCTTGTTCCAAACTGGAACAACACTCAACCCTATCTCGGNCTATTCTTTTGATTTATAAGGGATTTTGCCGATTTCGGCCTATTGGTTAAAAAATGAGCTGATTTAACAAAAATTTAACGCGAATTTTAACAAAATATTAACGTTTACAATTT,rep_origin,#9EAFD2,nucleotide
M13-fwd,TGTAAAACGACGGCCAGT,primer_bind,#85DAE9,nucleotide
M13-rev,CAGGAAACAGCTATGACCATG,primer_bind,#85DAE9,nucleotide
mCitrine,GTATCGAAAGGTGAAGAGCTGTTTACTGGCGTCGTGCCCATTTTGGTGGAACTTGACGGTGACGTGAACGGTCACAAATTCTCAGTCTCGGGAGAAGGCGAGGGGGACGCGACATATGGGAAACTCACACTGAAGTTCATCTGCACGACTGGAAAGCTGCCTGTCCCTTGGCCTACACTCGTCACGACGTTCGGTTATGGTTTGATGTGTTTCGCAAGATATCCTGACCACATGAAACAGCATGATTTCTTTAAGAGCGCCATGCCCGAAGGTTATGTCCAGGAGAGGACTATCTTCTTTAAGGACGATGGGAACTACAAGACTCGGGCAGAGGTGAAATTTGAGGGGGACACGCTTGTGAATAGAATCGAACTCAAAGGCATCGATTTCAAGGAGGATGGAAACATTCTCGGACACAAACTTGAGTACAATTACAACAGCCACAACGTGTATATCATGGCGGACAAACAGAAGAATGGAATCAAAGTGAACTTCAAGATCAGACACAATATCGAAGATGGGTCAGTGCAGCTGGCTGATCATTACCAGCAGAATACGCCCATCGGGGACGGTCCAGTCTTGTTGCCGGATAACCACTACCTTTCATACCAGTCGAAGTTGTCCAAAGACCCCAACGAGAAGAGGGATCACATGGTGCTTCTTGAATTTGTCACAGCCGCTGGT,,#ffef86,nucleotide
mRFP,GCCTCCTCCGAGGACGTCATCAAGGAGTTCATGCGCTTCAAGGTGCGCATGGAGGGCTCCGTGAACGGCCACGAGTTCGAGATCGAGGGCGAGGGCGAGGGCCGCCCCTACGAGGGCACCCAGACCGCCAAGCTGAAGGTGACCAAGGGCGGCCCCCTGCCCTTCGCCTGGGACATCCTGTCCCCTCAGTTCCAGTACGGCTCCAAGGCCTACGTGAAGCACCCCGCCGACATCCCCGACTACTTGAAGCTGTCCTTCCCCGAGGGCTTCAAGTGGGAGCGCGTGATGAACTTCGAGGACGGCGGCGTGGTGACCGTGACCCAGGACTCCTCCCTGCAGGACGGCGAGTTCATCTACAAGGTGAAGCTGCGCGGCACCAACTTCCCCTCCGACGGCCCCGTAATGCAGAAGAAGACCATGGGCTGGGAGGCCTCCACCGAGCGGATGTACCCCGAGGACGGCGCCCTGAAGGGCGAGATCAAGATGAGGCTGAAGCTGAAGGACGGCGGCCACTACGACGCCGAGGTCAAGACCACCTACATGGCCAAGAAGCCCGTGCAGCTGCCCGGCGCCTACAAGACCGACATCAAGCTGGACATCACCTCCCACAACGAGGACTACACCATCGTGGAACAGTACGAGCGCGCCGAGGGCCGCCACTCCACCGGCGCC,CDS,#D59687,nucleotide
NanoLuc,GTCTTCACACTCGAAGATTTCGTTGGGGACTGGCGACAGACAGCCGGCTACAACCTGGACCAAGTCCTTGAACAGGGAGGTGTGTCCAGTTTGTTTCAGAATCTCGGGGTGTCCGTAACTCCGATCCAAAGGATTGTCCTGAGCGGTGAAAATGGGCTGAAGATCGACATCCATGTCATCATCCCGTATGAAGGTCTGAGCGGCGACCAAATGGGCCAGATCGAAAAAATTTTTAAGGTGGTGTACCCTGTGGATGATCATCACTTTAAGGTGATCCTGCACTATGGCACACTGGTAATCGACGGGGTTACGCCGAACATGATCGACTATTTCGGACGGCCGTATGAAGGCATCGCCGTGTTCGACGGCAAAAAGATCACTGTAACAGGGACCCTGTGGAACGGCAACAAAATTATCGACGAGCGCCTGATCAACCCCGACGGCTCCCTGCTGTTCCGAGTAACCATCAACGGAGTGACCGGCTGGCGGCTGTGCGAACGCATTCTGGCG,,#84b0dc,nucleotide
NLS Nucleoplasmin,KRPAATKKAGQAKKKK,sequence,#ff9ccd,protein
NLS-GFP(65C),ATGACTGCTCCAAAGAAGAAGCGTAAGGTACCGGTAGAAAAAATGAGTAAAGGAGAAGAACTTTTCACTGGAGTTGTCCCAATTCTTGTTGAATTAGATGGTGATGTTAATGGGCACAAATTTTCTGTCAGTGGAGAGGGTGAAGGTGATGCAACATACGGAAAACTTACCCTTAAATTTATTTGCACTACTGGAAAACTACCTGTTCCATGGgtaagtttaaacatatatatactaactaaccctgattatttaaattttcagCCAACACTTGTCACTACTYTCTGTTATGGTGTTCAATGCTTCTCGAGATACCCAGATCATATGAAACRGCATGACTTTTTCAAGAGTGCCATGCCCGAAGGTTATGTACAGGAAAGAACTATATTTTTCAAAGATGACGGGAACTACAAGACACgtaagtttaaacagttcggtactaactaaccatacatatttaaattttcagGTGCTGAAGTCAAGTTTGAAGGTGATACCCTTGTTAATAGAATCGAGTTAAAAGGTATTGATTTTAAAGAAGATGGAAACATTCTTGGACACAAATTGGAATACAACTATAACTCACACAATGTATACATCATGGCAGACAAACAAAAGAATGGAATCAAAGTTgtaagtttaaacatgattttactaactaactaatctgatttaaattttcagAACTTCAAAATTAGACACAACATTGAAGATGGAAGCGTTCAACTAGCAGACCATTATCAACAAAATACTCCAATTGGCGATGGCCCTGTCCTTTTACCAGACAACCATTACCTGTCCACACAATCTGCCCTTTCGAAAGATCCCAACGAAAAGAGAGACCACATGGTCCTTCTTGAGTTTGTAACAGCTGCTGGGATTACACATGGCATGGAYGAACTATACAAA,CDS,#75C6A9,nucleotide
P2A,ATNFSLLKQAGDVEENPGP,2A peptide,#ff9ccd,protein
PSmOrange2,gtgagcaagggcgaggagaataatatggccatcattaaggagttcatgcgcttcaaggtgcacatggagggcactgtgaacggccacgagttcgagatcgagggcgagggcgagggccacccctacgagggctttcagaccgctaagctgaaggtgaccaagggcggccccctgcccttcgcctgggacatcctgtcccctctcatcacctacggctccaaggcctacgtgaagcaccccgccgacatccccgactacttcaagctgtccttccccgagggcttcaagtgggagcgcgtgatgaactacgaggacggcggcgtggtgaccgtgacccaggactcctctctgcaggacggcgagttcatctacaaggtgaagatgcgcggcaccaacttcccctccgacggccccgtgatgcagaagaagaccatgggctgggaggcctcctccgagcggatgtaccccgaggacggcgccctgaagggcgagatcaggatgaggctgaagctgaaggatggcggccactacacctccgaggtcaagactacctacaaggccaagaagtccgtgctgctgcccggcgcctacatcgtcggcatcaagctggacatcacctcccacaacgaggactacaccatcgtggaacagtacgaacgctccgaggcccgccactccaccggcggcatggacgagctgtacaag,,#faac61,nucleotide
PuroR,accgagtacaagcccacggtgcgcctcgccacccgcgacgacgtccccagggccgtacgcaccctcgccgccgcgttcgccgactaccccgccacgcgccacaccgtcgatccggaccgccacatcgagcgggtcaccgagctgcaagaactcttcctcacgcgcgtcgggctcgacatcggcaaggtgtgggtcgcggacgacggcgccgcggtggcggtctggaccacgccggagagcgtcgaagcgggggcggtgttcgccgagatcggcccgcgcatggccgagttgagcggttcccggctggccgcgcagcaacagatggaaggcctcctggcgccgcaccggcccaaggagcccgcgtggttcctggccaccgtcggNgtctcgcccgaccaccagggcaagggtctgggcagcgccgtcgtgctccccggagtggaggcggccgagcgcgccggggtgcccgccttcctggagacctccgcgccccgcaacctccccttctacgagcggctcggcttcaccgtcaccgccgacgtcgaggtgcccgaaggaccgcgcacctggtgcatgacccgcaagcccggtgcc,Antibiotics resistance,#faac61,nucleotide
SP6,gccaagct<ATTTAGGTGACACTATAG,primer_bind,#85DAE9,nucleotide
SV40 early promoter,TGCATCTCAATTAGTCAGCAACCATAGTCCCGCCCCTAACTCCGCCCATCCCGCCCCTAACTCCGCCCAGTTCCGCCCATTCTCCGCCCCATGGCTGACTAATTTTTTTTATTTATGCAGAGGCCGAGGCCGCCTCGGCCTCTGAGCTATTCCAGAAGTAGTGAGGAGGCTTTTTTGGAGGCCTAGGCTTTTGCAAA,promoter,#84B0DC,nucleotide
SV40 late polyA,CAGACATGATAAGATACATTGATGAGTTTGGACAAACCACAACTAGAATGCAGTGAAAAAAATGCTTTATTTGTGAAATTTGTGATGCTATTGCTTTATTTGTAACCATTATAAGCTGCAATAAACAAGTTAACAACAACAATTGCATTCATTTTATGTTTCAGGTTCAGGGGGAGGTGTGGGAGGTTTTTT,polyA_signal,#D59687,nucleotide
T2A,EGRGSLLTCGDVEENPGP,2A peptide,#ff9ccd,protein
T3,ATTAACCCTCACTAAAGGGA,primer_bind,#85DAE9,nucleotide
T7,gtgaattg<TAATACGACTCACTATAGGG,primer_bind,#85DAE9,nucleotide
TetR,AAATCTAACAATGCGCTCATCGTCATCCTCGGCACCGTCACCCTGGATGCTGTAGGCATAGGCTTGGTTATGCCGGTACTGCCGGGCCTCTTGCGGGATATCGTCCATTCCGACAGCATCGCCAGTCACTATGGCGTGCTGCTAGCGCTATATGCGTTGATGCAATTTCTATGCGCACCCGTTCTCGGAGCACTGTCCGACCGCTTTGGCCGCCGCCCAGTCCTGCTCGCTTCGCTACTTGGAGCCACTATCGACTACGCGATCATGGCGACCACACCCGTCCTGTGGATNCTCTACGCCGGACGCATCGTGGCCGGCATCACCGGCGCCACAGGTGCGGTTGCTGGCGCCTATATCGCCGACATCACCGATGGGGAAGATCGGGCTCGCCACTTCGGGCTCATGAGCGCTTGTTTCGGCGTGGGTATGGTGGCAGGCCCCGTGGCCGGGGGACTGTTGGGCGCCATCTCCTTGCATGCACCATTCCTTGCGGCGGCGGTGCTCAACGGCCTCAACCTACTACTGGGCTGCTTCCTAATGCAGGAGTCGCATAAGGGAGAGCGTCGNCCGATGCCCTTGAGAGCCTTCAACCCAGTCAGCTCCTTCCGGTGGGCGCGGGGCATGACTATCGTCGCCGCACTTATGACTGTCTTCTTTATCATGCAACTCGTAGGACAGGTGCCGGCAGCGCTCTGGGTCATTTTCGGCGAGGACCGCTTTCGCTGGAGCGCGACGATGATCGGCCTGTCGCTTGCGGTATTCGGAATCTTGCACGCCCTCGCTCAAGCCTTCGTCACTGGTCCCGCCACCAAACGTTTCGGCGAGAAGCAGGCCATTATCGCCGGCATGGCGGCCGACGCGCTGGGCTACGTCTTGCTGGCGTTCGCGACGCGAGGCTGGATGGCCTTCCCCATTATGATTCTTCTCGCTTCCGGCGGCATCGGGATGCCCGCGTTGCAGGCCATGCTGTCCAGGCAGGTAGATGACGACCATCAGGGACAGCTTCAAGGATCGCTCGCGGCTCTTACCAGCCTAACTTCGATCANTGGACCGCTGATCGTCACGGCGATTTATGCCGCCTCGGCGAGCACATGGAACGGGTTGGCATGGATTGTAGGCGCCGCCCTATACCTTGTCTGCCTCCCCGCGTTGCGTCGCGGTGCATGGAGCCGGGCCACCTCGACC,CDS,#FFEF86,nucleotide
TetR,TCCACCAACTTATCAGTGATAAAGAATCCGCGCGTTCAATCGGACCAGCGGAGGCTGGTCCGGAGGCCAGACGTGAAACCCAACATACCCCTGATCGTAATTCTGAGCACTGTCGCGCTCGACGCTGTCGGCATCGGCCTGATTATGCCGGTGCTGCCGGGCCTCCTGCGCGATCTGGTTCACTCGAACGACGTCACCGCCCACTATGGCATTCTGCTGGCGCTGTATGCGTTGGTGCAATTTGCCTGCGCACCTGTGCTGGGCGCGCTGTCGGATCGTTTCGGGCGGCGGCCAATCTTGCTCGTCTCGCTGGCCGGCGCCACTGTCGACTACGCCATCATGGCGACAGCGCCTTTCCTTTGGGTTCTCTATATCGGGCGGATCGTGGCCGGCATCACCGGGGCGACTGGGGCGGTAGCCGGCGCTTATATTGCCGATATCACTGATGGCGATGAGCGCGCGCGGCACTTCGGCTTCATGAGCGCCTGTTTCGGGTTCGGGATGGTCGCGGGACCTGTGCTCGGTGGGCTGATGGGCGGTTTCTCCCCCCACGCTCCGTTCTTCGCCGCGGCAGCCTTGAACGGCCTCAATTTCCTGACGGGCTGTTTCCTTTTGCCGGAGTCGCACAAAGGCGAACGCCGGCCGTTACGCCGGGAGGCTCTCAACCCGCTCNNNNNNNNNCGGTGGGCCCGGGGCATGACCGTCGTCGCCGCCCTGATGGCGGTCTTCTTCATCATGCAACTTGTCGGACAGGTGCCGGCCGCGCTTTGGGTCATTTTCGGCGAGGATCGCTTTCACTGGGACGCGACCACGATCGGCATTTCGCTTGCCGCATTTGGCATTCTGCATTCACTCGCCCAGGCAATGATCACCGGCCCTGTAGCCGCCCGGCTCGGCGAAAGGCGGGCACTCATGCTCGGAATGATTGCCGACGGCACAGGCTACATCCTGCTTGCCTTCGCGACACGGGGATGGATGGCGTTCCCGATCATGGTCCTGCTTGCTTCGGGTGGCATCGGAATGCCGGCGCTGCAAGCAATGTTGTCCAGGCAGGTGGATGAGGAACGNCAGGGGCAGCTGCAAGGCTCACTGGCGGCGCTCACCAGCCTGACCTCGATCGTCGGACCCCTCCTCTTCACGGCGATCTATGCGGCTTCTATAACAACGTGGAACGGGTGGGCATGGATTGCAGGCGCTGCCCTCTACTTGCTCTGCCTGCCGGCGCTGCGTCGCGGGCTTTGGAGCGGCGCAGGGCAACGAGCCGATCGC,CDS,#FFEF86,nucleotide
6x His Tag,CACCACCACCACCACCAC,CDS,#84B0DC,nucleotide
CLIP tag,ATGGACAAAGACTGCGAAATGAAGCGCACCACCCTGGATAGCCCTCTGGGCAAGCTGGAACTGTCTGGGTGCGAACAGGGCCTGCACCGTATCATCTTCCTGGGCAAAGGAACATCTGCCGCCGACGCCGTGGAAGTGCCTGCCCCAGCCGCCGTGCTGGGCGGACCAGAGCCACTGATCCAGGCCACCGCCTGGCTCAACGCCTACTTTCACCAGCCTGAGGCCATCGAGGAGTTCCCTGTGCCAGCCCTGCACCACCCAGTGTTCCAGCAGGAGAGCTTTACCCGCCAGGTGCTGTGGAAACTGCTGAAAGTGGTGAAGTTCGGAGAGGTCATCAGCGAGAGCCACCTGGCCGCCCTGGTGGGCAATCCCGCCGCCACCGCCGCCGTGAACACCGCCCTGGACGGAAATCCCGTGCCCATTCTGATCCCCTGCCACCGGGTGGTGCAGGGCGACAGCGACGTGGGGCCCTACCTGGGCGGGCTCGCCGTGAAAGAGTGGCTGCTGGCCCACGAGGGCCACAGACTGGGCAAGCCTGGGCTGGGT,CDS,#84B0DC,nucleotide
FLAG Tag,GACTACAAGGATGACGATGACAAG,CDS,#84B0DC,nucleotide
GST,ATGTCCCCTATACTAGGTTATTGGAAAATTAAGGGCCTTGTGCAACCCACTCGACTTCTTTTGGAATATCTTGAAGAAAAATATGAAGAGCATTTGTATGAGCGCGATGAAGGTGATAAATGGCGAAACAAAAAGTTTGAATTGGGTTTGGAGTTTCCCAATCTTCCTTATTATATTGATGGTGATGTTAAATTAACACAGTCTATGGCCATCATACGTTATATAGCTGACAAGCACAACATGTTGGGTGGTTGTCCAAAAGAGCGTGCAGAGATTTCAATGCTTGAAGGAGCGGTTTTGGATATTAGATACGGTGTTTCGAGAATTGCATATAGTAAAGACTTTGAAACTCTCAAAGTTGATTTTCTTAGCAAGCTACCTGAAATGCTGAAAATGTTCGAAGATCGTTTATGTCATAAAACATATTTAAATGGTGATCATGTAACCCATCCTGACTTCATGTTGTATGACGCTCTTGATGTTGTTTTATACATGGACCCAATGTGCCTGGATGCGTTCCCAAAATTAGTTTGTTTTAAAAAACGTATTGAAGCTATCCCACAAATTGATAAGTACTTGAAATCCAGCAAGTATATAGCATGGCCTTTGCAGGGCTGGCAAGCCACGTTTGGTGGTGGCGACCATCCTCCAAAATAA,CDS,#85DAE9,nucleotide
HaloTag,ATGGCAGAAATCGGTACTGGCTTTCCATTCGACCCCCATTATGTGGAAGTCCTGGGCGAGCGCATGCACTACGTCGATGTTGGTCCGCGCGATGGCACCCCTGTGCTGTTCCTGCACGGTAACCCGACCTCCTCCTACGTGTGGCGCAACATCATCCCGCATGTTGCACCGACCCATCGCTGCATTGCTCCAGACCTGATCGGTATGGGCAAATCCGACAAACCAGACCTGGGTTATTTCTTCGACGACCACGTCCGCTTCATGGATGCCTTCATCGAAGCCCTGGGTCTGGAAGAGGTCGTCCTGGTCATTCACGACTGGGGCTCCGCTCTGGGTTTCCACTGGGCCAAGCGCAATCCAGAGCGCGTCAAAGGTATTGCATTTATGGAGTTCATCCGCCCTATCCCGACCTGGGACGAATGGCCAGAATTTGCCCGCGAGACCTTCCAGGCCTTCCGCACCACCGACGTCGGCCGCAAGCTGATCATCGATCAGAACGTTTTTATCGAGGGTACGCTGCCGATGGGTGTCGTCCGCCCGCTGACTGAAGTCGAGATGGACCATTACCGCGAGCCGTTCCTGAATCCTGTTGACCGCGAGCCACTGTGGCGCTTCCCAAACGAGCTGCCAATCGCCGGTGAGCCAGCGAACATCGTCGCGCTGGTCGAAGAATACATGGACTGGCTGCACCAGTCCCCTGTCCCGAAGCTGCTGTTCTGGGGCACCCCAGGCGTTCTGATCCCACCGGCCGAAGCCGCTCGCCTGGCCAAAAGCCTGCCTAACTGCAAGGCTGTGGACATCGGCCCGGGTCTGAATCTGCTGCAAGAAGACAACCCGGACCTGATCGGCAGCGAGATCGCGCGCTGGCTGTCGACGCTCGAGATTTCCGGC,CDS,#D59687,nucleotide
HiBiT,VSGWRLFKKIS,CDS,#ff9ccd,protein
MBP,ATGAAAATAAAAACAGGTGCACGCATCCTCGCATTATCCGCATTAACGACGATGATGTTTTCCGCCTCGGCTCTCGCCAAAATCGAAGAAGGTAAACTGGTAATCTGGATTAACGGCGATAAAGGCTATAACGGTCTCGCTGAAGTCGGTAAGAAATTCGAGAAAGATACCGGAATTAAAGTCACCGTTGAGCATCCGGATAAACTGGAAGAGAAATTCCCACAGGTTGCGGCAACTGGCGATGGCCCTGACATTATCTTCTGGGCACACGACCGCTTTGGTGGCTACGCTCAATCTGGCCTGTTGGCTGAAATCACCCCGGACAAAGCGTTCCAGGACAAGCTGTATCCGTTTACCTGGGATGCCGTACGTTACAACGGCAAGCTGATTGCTTACCCGATCGCTGTTGAAGCGTTATCGCTGATTTATAACAAAGATCTGCTGCCGAACCCGCCAAAAACCTGGGAAGAGATCCCGGCGCTGGATAAAGAACTGAAAGCGAAAGGTAAGAGCGCGCTGATGTTCAACCTGCAAGAACCGTACTTCACCTGGCCGCTGATTGCTGCTGACGGGGGTTATGCGTTCAAGTATGAAAACGGCAAGTACGACATTAAAGACGTGGGCGTGGATAACGCTGGCGCGAAAGCGGGTCTGACCTTCCTGGTTGACCTGATTAAAAACAAACACATGAATGCAGACACCGATTACTCCATCGCAGAAGCTGCCTTTAATAAAGGCGAAACAGCGATGACCATCAACGGCCCGTGGGCATGGTCCAACATCGACACCAGCAAAGTGAATTATGGTGTAACGGTACTGCCGACCTTCAAGGGTCAACCATCCAAACCGTTCGTTGGCGTGCTGAGCGCAGGTATTAACGCCGCCAGTCCGAACAAAGAGCTGGCAAAAGAGTTCCTCGAAAACTATCTGCTGACTGATGAAGGTCTGGAAGCGGTTAATAAAGACAAACCGCTGGGTGCCGTAGCGCTGAAGTCTTACGAGGAAGAGTTGGTGAAAGATCCGCGTATTGCCGCCACTATGGAAAACGCCCAGAAAGGTGAAATCATGCCGAACATCCCGCAGATGTCCGCTTTCTGGTATGCCGTGCGTACTGCGGTGATCAACGCCGCCAGCGGTCGTCAGACTGTCGATGAAGCCCTGAAAGACGCGCAGACT,CDS,#85DAE9,nucleotide
SNAP-tag,ATGGACAAAGACTGCGAAATGAAGCGCACCACCCTGGATAGCCCTCTGGGCAAGCTGGAACTGTCTGGGTGCGAACAGGGCCTGCACCGTATCATCTTCCTGGGCAAAGGAACATCTGCCGCCGACGCCGTGGAAGTGCCTGCCCCAGCCGCCGTGCTGGGCGGACCAGAGCCACTGATGCAGGCCACCGCCTGGCTCAACGCCTACTTTCACCAGCCTGAGGCCATCGAGGAGTTCCCTGTGCCAGCCCTGCACCACCCAGTGTTCCAGCAGGAGAGCTTTACCCGCCAGGTGCTGTGGAAACTGCTGAAAGTGGTGAAGTTCGGAGAGGTCATCAGCTACAGCCACCTGGCCGCCCTGGCCGGCAATCCCGCCGCCACCGCCGCCGTGAAAACCGCCCTGAGCGGAAATCCCGTGCCCATTCTGATCCCCTGCCACCGGGTGGTGCAGGGCGACCTGGACGTGGGGGGCTACGAGGGCGGGCTCGCCGTGAAAGAGTGGCTGCTGGCCCACGAGGGCCACAGACTGGGCAAGCCTGGGCTGGGT,CDS,#75C6A9,nucleotide
