Name,Feature,Type,Color,Match type
attB1,CMASTWTGTACAAAAAAGYWG,misc_recomb,#C7B0E3,nucleotide
attB2,CMASTWTGTACAAGAAAGYWG,misc_recomb,#C7B0E3,nucleotide
attB3,CMASTWTGTATAATAAAGYWG,misc_recomb,#C7B0E3,nucleotide
attB4,CMASTWTGTATAGAAAAGYWG,misc_recomb,#C7B0E3,nucleotide
attB5,CMASTWTGTATACAAAAGYWG,misc_recomb,#C7B0E3,nucleotide
AttL1,AAATAATGATTTTATTTTGACTGATAGTGACCTGTTCGTTGCAACAMATTGATRAGCAATGCTTTYTTATAATGCCMASTTTGTACAAAAAAGYWG,misc_recomb,#C7B0E3,nucleotide
AttL2,AAATAATGATTTTATTTTGACTGATAGTGACCTGTTCGTTGCAACAMATTGATRAGCAATGCTTTYTTATAATGCCMASTTTGTACAAGAAAGYWG,misc_recomb,#C7B0E3,nucleotide
attL3,AAATAATGATTTTATTTTGACTGATAGTGACCTGTTCGTTGCAACAMATTGATRAGCAATGCTTTYTTATAATGCCMASTTTGTATAATAAAGYWG,misc_recomb,#C7B0E3,nucleotide
attL4,AAATAATGATTTTATTTTGACTGATAGTGACCTGTTCGTTGCAACAMATTGATRAGCAATGCTTTYTTATAATGCCMASTTTGTATAGAAAAGYWG,misc_recomb,#C7B0E3,nucleotide
attL5,AAATAATGATTTTATTTTGACTGATAGTGACCTGTTCGTTGCAACAMATTGATRAGCAATKMTTTYTTATAATGCCMASTTTGTATACAAAAGYWG,misc_recomb,#C7B0E3,nucleotide
AttP1,AAATAATGATTTTATTTTGACTGATAGTGACCTGTTCGTTGCAACAMATTGATRAGCAATGCTTTYTTATAATGCCMASTTTGTACAAAAAAGYWGAACGAGAAACGTAAAATGATATAAATATCAATATATTAAATTAGATTTTGCATAAAAAACAGACTACATAATRCTGTAAAACACAACATATSCAGTCAYWWTGAATCAACTACTTAGATGGTATTAGTGACCTGTA,misc_recomb,#C7B0E3,nucleotide
AttP2,AAATAATGATTTTATTTTGACTGATAGTGACCTGTTCGTTGCAACAMATTGATRAGCAATGCTTTYTTATAATGCCMASTTTGTACAAGAAAGYWGAACGAGAAACGTAAAATGATATAAATATCAATATATTAAATTAGATTTTGCATAAAAAACAGACTACATAATRCTGTAAAACACAACATATSCAGTCAYWWTGAATCAACTACTTAGATGGTATTAGTGACCTGTA,misc_recomb,#C7B0E3,nucleotide
attP3,AAATAATGATTTTATTTTGACTGATAGTGACCTGTTCGTTGCAACAMATTGATRAGCAATGCTTTYTTATAATGCCMASTTTGTATAATAAAGYWGAACGAGAAACGTAAAATGATATAAATATCAATATATTAAATTAGATTTTGCATAAAAAACAGACTACATAATRCTGTAAAACACAACATATSCAGTCAYWWTGAATCAACTACTTAGATGGTATTAGTGACCTGTA,misc_recomb,#C7B0E3,nucleotide
attP4,AAATAATGATTTTATTTTGACTGATAGTGACCTGTTCGTTGCAACAMATTGATRAGCAATGCTTTYTTATAATGCCMASTTTGTATAGAAAAGYWGAACGAGAAACGTAAAATGATATAAATATCAATATATTAAATTAGATTTTGCATAAAAAACAGACTACATAATRCTGTAAAACACAACATATSCAGTCAYWWTGAATCAACTACTTAGATGGTATTAGTGACCTGTA,misc_recomb,#C7B0E3,nucleotide
attP5,AAATAATGATTTTATTTTGACTGATAGTGACCTGTTCGTTGCAACAMATTGATRAGCAATKMTTTYTTATAATGCCMASTTTGTATACAAAAGYWGAACGAGAAACGTAAAATGATATAAATATCAATATATTAAATTAGATTTTGCATAAAAAACAGACTACATAATRCTGTAAAACACAACATATSCAGTCAYWWTGAATCAACTACTTAGATGGTATTAGTGACCTGTA,misc_recomb,#C7B0E3,nucleotide
AttR1,CMASTTTGTACAAAAAAGYWGAACGAGAAACGTAAAATGATATAAATATCAATATATTAAATTAGATTTTGCATAAAAAACAGACTACATAATRCTGTAAAACACAACATATSCAGTCAYWWTGAATCAACTACTTAGATGGTATTAGTGACCTGTA,misc_recomb,#C7B0E3,nucleotide
AttR2,CMASTTTGTACAAGAAAGYWGAACGAGAAACGTAAAATGATATAAATATCAATATATTAAATTAGATTTTGCATAAAAAACAGACTACATAATRCTGTAAAACACAACATATSCAGTCAYWWTGAATCAACTACTTAGATGGTATTAGTGACCTGTA,misc_recomb,#C7B0E3,nucleotide
attR3,CMASTTTGTATAATAAAGYWGAACGAGAAACGTAAAATGATATAAATATCAATATATTAAATTAGATTTTGCATAAAAAACAGACTACATAATRCTGTAAAACACAACATATSCAGTCAYWWTGAATCAACTACTTAGATGGTATTAGTGACCTGTA,misc_recomb,#C7B0E3,nucleotide
attR4,CMASTTTGTATAGAAAAGYWGAACGAGAAACGTAAAATGATATAAATATCAATATATTAAATTAGATTTTGCATAAAAAACAGACTACATAATRCTGTAAAACACAACATATSCAGTCAYWWTGAATCAACTACTTAGATGGTATTAGTGACCTGTA,misc_recomb,#C7B0E3,nucleotide
attR5,CMASTWTGTATACAAAAGYWGAACGAGAAACGTAAAATGATATAAATATCAATATATTAAATTAGATTTTGCATAAAAAACAGACTACATAATRCTGTAAAACACAACATATSCAGTCAYWWTGAATCAACTACTTAGATGGTATTAGTGACCTGTA,misc_recomb,#C7B0E3,nucleotide
ccdB,ATGGTGATCCCCCTGGCCAGTGCACGTCTGCTGTCAGATAAAGTCNCCCGTGAACTTTACCCGGTGGTGCATATCGGGGATGAAAGCTGGCGCATGATGACCACCGATATGGCCAGTGTGCCGGTCTCCGTTATCGGGGAAGAAGTGGCTGATCTCAGCCACCGCGAAAATGACATCAAAAACGCCATTAACCTGATGTTCTGGGGAATA,CDS,#FFEF86,nucleotide
Gateway recomb1,cmastwtGTACAAAaaagywg,misc_feature,#F58A5E,nucleotide
Gateway Recomb2,cmastwtGTACAAGaaagywg,misc_feature,#F58A5E,nucleotide
Gateway Recomb3,cmastwtGTATAATaaagywg,misc_feature,#F58A5E,nucleotide
Gateway Recomb4,cmastwtGTATAGAaaagywg,misc_feature,#F58A5E,nucleotide
Gateway Recomb5,cmastwtGTATACAaaagywg,misc_feature,#F58A5E,nucleotide
